id;successful_forward_passes_percent;fouls_avg;successful_vertical_passes_percent;dribbles_avg;back_pass_to_gk_avg;forward_passes_avg;deep_completed_cross_avg;successful_attacking_actions_avg;accelerations_avg;third_position;minutes_on_field;prevented_goals;through_passes_avg;height;goals;market_value;foul_suffered_avg;accurate_passes_to_final_third_percent;defensive_duels_won;primary_position_percent;shots_avg;full_name;aerial_duels_won;last_club_name;back_passes_avg;shots;progressive_run_avg;successful_through_passes_percent;received_long_pass_avg;successful_dribbles_percent;crosses_avg;current_team_logo;duels_avg;successful_cross_from_left_percent;goalkeeper_exits_avg;domestic_competition_name;accurate_short_medium_pass_percent;key_passes_avg;pre_assist_avg;passport_country_codes;xg_shot;non_penalty_goal;foot;total_matches;defensive_duels_avg;short_medium_pass_avg;long_passes_avg;tackle_avg;passes_avg;cross_from_right_avg;conceded_goals;direct_free_kicks_taken_avg;deep_completed_pass_avg;passes_to_final_third_avg;shots_against;direct_free_kicks_on_target_percent;offensive_duels_won;smart_passes_avg;penalties_conversion_percent;free_kicks_taken_avg;aerial_duels_avg;cross_to_goalie_box_avg;birth_date;yellow_cards_avg;pre_pre_assist_avg;accurate_passes_percent;birth_country_code;xg_shot_avg;xg_assist;duels_won;conceded_goals_avg;image;successful_long_passes_percent;assists_avg;accurate_crosses_percent;on_loan;current_team_name;yellow_cards;weight;possession_adjusted_interceptions;offensive_duels_avg;positions;pass_to_penalty_area_avg;cross_from_left_avg;accurate_smart_passes_percent;penalties_taken;red_cards_avg;head_goals;progressive_pass_avg;received_pass_avg;name;average_pass_length;secondary_position_percent;successful_progressive_pass_percent;xg_save_avg;current_team_color;successful_back_passes_percent;successful_defensive_actions_avg;possession_adjusted_tackle;corners_taken_avg;shot_assists_avg;clean_sheets;red_cards;shot_block_avg;head_goals_avg;xg_save;interceptions_avg;assists;primary_position;goal_conversion_percent;average_long_pass_length;successful_cross_from_right_percent;save_percent;goals_avg;passport_country_names;gk_aerial_duels_avg;prevented_goals_avg;contract_expires;accurate_pass_to_penalty_area_percent;vertical_passes_avg;birth_day;non_penalty_goal_avg;shots_on_target_percent;xg_assist_avg;touch_in_box_avg;secondary_position;shots_against_avg;age;third_position_percent;birth_country_name
316494;70.78;0.8;80.65;5.57;0.0;12.45;1.19;5.69;0.74;;1583;;1.31;172;7;20000000;0.91;67.29;51.16;42;3.41;Mohamed Saïd Benrahma;57.14; NEOM;6.31;60;3.41;56.52;2.22;46.94;2.84;https://cdn5.wyscout.com/photos/team/public/g16976_120x120.png;16.2;37.5;;Division 1;84.59;1.19;0.51;['ALG', 'FRA'];5.87;5;right;16;2.44;29.51;2.56;0.0;34.62;0.91;0;0.57;2.22;6.08;0;20.0;32.54;0.85;66.667;1.54;0.4;0.4;1995-08-10;0.0;0.06;79.31;ALG;0.33;5.59;36.49;;https://cdn5.wyscout.com/photos/players/public/g316494_100x130.png;53.33;0.4;44.0;True; NEOM;0;67;0.91;11.88;['AMF', 'CF'];4.61;1.82;60.0;3;0.0;0;6.37;29.68;S. Benrahma;17.95;36;94.64;0.0;000000;90.09;1.82;0.0;2.27;1.82;0;0;0.0;0.0;0.0;0.57;7;AMF;11.667;32.7;56.25;0.0;0.4;['Algeria', 'France'];;;2027-06-30;61.73;8.81;1995-08-10;0.28;38.33;0.32;3.24;CF;;29;0;Algeria
306889;65.82;0.91;75.4;1.59;0.03;5.13;0.29;2.53;0.0;RAMF;2774;;0.19;172;15;5500000;0.71;64.91;58.42;26;2.3;Carlos Alberto Carvalho da Silva Júnior;50.0; NEOM;5.61;71;0.45;16.67;1.85;65.31;1.01;https://cdn5.wyscout.com/photos/team/public/g16976_120x120.png;12.62;35.71;;Division 1;82.28;0.29;0.1;['BRA'];12.47;15;right;28;3.28;19.04;1.23;0.16;21.19;0.52;0;0.0;0.88;1.85;0;0.0;45.11;0.23;0.0;0.0;3.37;0.13;1995-08-15;0.1;0.0;78.87;BRA;0.4;2.58;49.61;;https://cdn5.wyscout.com/photos/players/public/g306889_100x130.png;63.16;0.1;29.03;True; NEOM;3;69;6.14;4.32;['LAMF', 'RW', 'RAMF'];1.56;0.45;28.57;0;0.0;2;2.69;16.42;C. Júnior;15.47;21;69.88;0.0;000000;94.22;5.45;0.3;0.0;0.62;0;0;0.06;0.06;0.0;3.37;3;LAMF;21.127;25.45;25.0;0.0;0.49;['Brazil'];;;2027-06-30;45.83;6.07;1995-08-15;0.49;49.3;0.08;4.02;RW;;29;17;Brazil
351285;100.0;0.0;50.0;0.0;0.0;2.9;1.45;4.35;0.0;;62;;0.0;175;0;3200000;0.0;0.0;0.0;100;2.9;François Kamano;0.0;Abha;10.16;2;0.0;0.0;7.26;0.0;2.9;https://cdn5.wyscout.com/photos/team/public/g9287_120x120.png;2.9;50.0;;Pro League;78.57;0.0;0.0;['GUI'];0.33;0;right;1;0.0;20.32;0.0;0.0;23.23;0.0;0;0.0;0.0;0.0;0;0.0;100.0;0.0;0.0;0.0;0.0;0.0;1996-05-02;0.0;0.0;75.0;GUI;0.48;0.12;100.0;;https://cdn5.wyscout.com/photos/players/public/g351285_100x130.png;0.0;0.0;50.0;False;Dhamk;0;76;0.0;2.9;['LAMF'];2.9;2.9;0.0;0;0.0;0;1.45;24.68;F. Kamano;12.46;0;100.0;0.0;000000;71.43;0.0;0.0;0.0;4.35;0;0;0.0;0.0;0.0;0.0;0;LAMF;0.0;0.0;0.0;0.0;0.0;['Guinea'];;;2025-06-30;50.0;5.81;1996-05-02;0.0;100.0;0.18;2.9;;;29;0;Guinea
112373;83.16;0.66;89.33;2.02;0.05;8.93;0.33;2.87;0.28;;1914;;0.47;174;10;2500000;1.36;87.78;58.14;56;1.79;Romário Ricardo da Silva;40.0; NEOM;9.73;38;1.41;40.0;1.32;60.47;0.94;https://cdn5.wyscout.com/photos/team/public/1250_120x120.png;14.11;33.33;;Qatar Stars League;90.14;0.52;0.19;['BRA'];6.17;9;right;18;2.02;34.8;0.94;0.0;36.68;0.56;0;0.14;1.5;4.23;0;33.33;34.36;0.56;100.0;0.71;1.41;0.14;1990-12-12;0.14;0.14;88.21;BRA;0.29;3.99;38.33;;https://cdn5.wyscout.com/photos/players/public/50840_100x130.png;70.0;0.24;35.0;False;Al Rayyan;3;69;4.2;9.17;['AMF', 'CF'];2.21;0.28;50.0;1;0.0;1;3.43;29.48;Romarinho;15.6;28;82.19;0.0;FF0000;96.62;3.2;0.0;0.71;1.08;0;0;0.0;0.05;0.0;2.02;5;AMF;26.316;23.75;33.33;0.0;0.47;['Brazil'];;;2026-06-30;61.7;10.58;1990-12-12;0.42;57.89;0.19;4.04;CF;;34;0;Brazil
96839;83.74;0.5;93.62;0.54;0.77;23.99;0.39;0.66;0.0;;2330;;0.39;193;0;2000000;0.15;77.78;77.08;92;0.5;Ahmed Hegazy;70.42; NEOM;1.31;13;1.93;30.0;0.5;35.71;0.62;https://cdn5.wyscout.com/photos/team/public/g16976_120x120.png;7.38;0.0;;Division 1;93.65;0.19;0.0;['EGY'];1.93;0;right;23;1.85;41.37;8.92;0.12;50.91;0.54;0;0.0;0.23;8.34;0;0.0;47.17;0.08;0.0;0.0;2.74;0.12;1991-01-25;0.08;0.04;88.77;EGY;0.07;0.6;63.87;;https://cdn5.wyscout.com/photos/players/public/38369_100x130.png;69.26;0.04;43.75;False; NEOM;2;96;6.63;2.05;['RCB'];1.0;0.08;0.0;0;0.0;0;12.52;36.0;Ahmed Hegazy;22.54;0;81.48;0.0;000000;97.06;5.45;0.2;0.0;0.15;0;0;0.66;0.0;0.0;3.9;1;RCB;0.0;38.82;50.0;0.0;0.0;['Egypt'];;;2026-06-30;42.31;21.21;1991-01-25;0.0;38.46;0.02;0.62;;;34;0;Egypt
-61291;72.25;1.07;70.91;3.63;0.0;6.22;0.86;3.66;0.24;RWF;3024;;0.3;180;10;1800000;1.22;63.64;60.0;39;2.47;Andrei Cordea;31.71;Al Ta'ee;6.19;83;1.49;60.0;1.79;54.1;2.23;https://cdn5.wyscout.com/photos/team/public/g3517_120x120.png;16.22;30.77;;Division 1;84.88;0.6;0.0;['ROU'];6.91;10;left;31;3.72;20.86;1.49;0.15;24.49;1.82;0;0.3;1.31;2.62;0;40.0;37.5;0.27;0.0;1.07;1.22;0.33;1999-06-24;0.12;0.0;78.25;ROU;0.21;6.18;42.39;;https://cdn5.wyscout.com/photos/players/public/g-61291_100x130.png;46.0;0.18;36.0;False;Al Ta'ee;4;75;2.62;9.29;['RAMF', 'RW', 'RWF'];2.65;0.39;55.56;0;0.0;1;3.42;18.6;A. Cordea;16.57;33;86.09;0.0;000000;94.71;3.96;0.25;2.68;1.37;0;0;0.03;0.03;0.0;1.58;6;RAMF;12.048;26.29;36.07;0.0;0.3;['Romania'];;;2025-06-30;53.93;6.55;1999-06-24;0.3;30.12;0.18;2.95;RW;;25;14;Romania
312060;53.49;0.78;76.4;1.19;0.0;1.97;0.14;1.79;0.05;;1962;;0.05;191;14;1700000;0.6;52.17;52.38;93;2.29;Mbaye Diagne;53.66; NEOM;2.75;50;0.32;0.0;1.97;30.77;0.41;https://cdn5.wyscout.com/photos/team/public/g16976_120x120.png;10.6;25.0;;Division 1;79.2;0.32;0.05;['SEN'];11.64;11;right;22;0.96;11.47;0.41;0.0;12.25;0.0;0;0.0;0.78;1.06;0;0.0;23.16;0.05;100.0;0.0;3.76;0.09;1991-10-28;0.14;0.0;75.66;SEN;0.53;2.0;38.1;;https://cdn5.wyscout.com/photos/players/public/g312060_100x130.png;22.22;0.23;22.22;False; NEOM;3;90;1.54;4.36;['CF'];0.78;0.37;100.0;3;0.0;4;0.78;9.63;M. Diagne;16.86;0;70.59;0.0;000000;91.67;1.24;0.0;0.0;0.78;0;0;0.09;0.18;0.0;0.73;5;CF;28.0;12.88;0.0;0.0;0.64;['Senegal'];;;2025-06-30;35.29;4.08;1991-10-28;0.5;56.0;0.09;4.4;;;33;0;Senegal
397784;78.61;0.99;91.02;1.52;0.91;17.72;0.27;1.57;0.16;LCMF;3373;;0.59;189;5;1600000;0.51;78.09;62.44;33;1.2;Alfa Semedo Esteves;60.42; NEOM;5.98;45;1.44;31.82;0.43;64.91;0.61;https://cdn5.wyscout.com/photos/team/public/g16976_120x120.png;14.92;36.36;;Division 1;90.32;0.13;0.05;['GNB', 'PRT'];2.41;5;right;32;5.68;47.39;4.8;0.16;52.8;0.29;0;0.21;0.37;10.35;0;12.5;42.05;0.08;0.0;0.24;2.56;0.03;1997-08-30;0.19;0.05;86.81;GNB;0.06;1.96;53.85;;https://cdn5.wyscout.com/photos/players/public/g397784_100x130.png;57.78;0.08;43.48;False; NEOM;7;82;7.44;5.2;['LDMF', 'DMF', 'LCMF'];1.25;0.29;33.33;0;0.0;0;8.78;38.5;Alfa Semedo;19.07;24;80.24;0.0;000000;96.88;7.84;0.29;0.0;0.45;0;0;0.21;0.0;0.0;4.14;3;LDMF;11.111;38.33;54.55;0.0;0.13;['Guinea-Bissau', 'Portugal'];;;2026-06-30;36.17;21.69;1997-08-30;0.13;24.44;0.05;0.64;DMF;;27;18;Guinea-Bissau
245800;72.22;2.01;60.61;0.8;0.0;2.41;0.13;1.34;0.0;;672;;0.0;190;2;1600000;0.54;55.56;42.11;95;1.88;Marko Dugandžić;44.44;Al Ta'ee;4.15;14;0.67;0.0;2.14;33.33;0.67;https://cdn5.wyscout.com/photos/team/public/2428_120x120.png;14.2;33.33;;K League 1;78.79;0.13;0.0;['HRV'];3.32;2;left;13;2.54;13.26;0.13;0.13;14.06;0.27;0;0.0;0.54;1.21;0;0.0;23.33;0.0;0.0;0.0;6.03;0.13;1994-04-07;0.54;0.13;76.19;HRV;0.44;0.28;34.91;;https://cdn5.wyscout.com/photos/players/public/g245800_100x130.png;100.0;0.0;20.0;False;Seoul;4;84;1.56;4.02;['CF'];0.94;0.4;0.0;1;0.0;0;1.07;10.98;M. Dugandžić;14.32;0;87.5;0.0;FF0000;93.55;2.14;0.22;0.0;0.54;0;0;0.27;0.0;0.0;0.94;0;CF;14.286;4.83;0.0;0.0;0.27;['Croatia'];;;2025-06-30;71.43;4.42;1994-04-07;0.27;50.0;0.04;2.41;;;31;0;Croatia
220646;63.07;0.56;89.29;0.33;0.28;14.23;0.05;0.46;0.0;;1936;;0.33;193;2;1500000;0.33;54.23;78.08;94;0.74;Fabián Ariel Noguera;71.95;Abha;0.7;16;0.84;57.14;0.23;57.14;0.09;https://cdn5.wyscout.com/photos/team/public/3377_120x120.png;8.74;0.0;;Division 1;83.69;0.09;0.0;['ARG'];1.39;2;right;19;3.39;15.11;8.0;0.0;23.2;0.05;0;0.05;0.33;6.6;0;0.0;35.0;0.0;0.0;0.05;3.81;0.0;1993-03-20;0.19;0.0;71.94;ARG;0.06;0.28;67.55;;https://cdn5.wyscout.com/photos/players/public/g220646_100x130.png;50.0;0.0;50.0;False;Abha;4;95;5.07;0.93;['RCB'];0.79;0.05;0.0;0;0.0;1;7.07;11.58;F. Noguera;28.21;0;71.71;0.0;000000;73.33;6.42;0.0;0.0;0.14;0;0;0.33;0.05;0.0;3.77;0;RCB;12.5;43.56;100.0;0.0;0.09;['Argentina'];;;2025-07-31;29.41;6.51;1993-03-20;0.09;31.25;0.01;0.84;;;32;0;Argentina
-86903;72.41;0.64;68.09;1.47;0.09;2.67;0.28;1.2;0.18;;978;;0.37;180;1;1500000;0.37;77.78;61.9;99;1.38;Moussa  Djitté;45.71;Al Faisaly;5.52;15;1.01;25.0;1.56;37.5;0.74;https://cdn5.wyscout.com/photos/team/public/2993_120x120.png;12.61;25.0;;Division 1;82.76;0.18;0.18;['SEN'];2.2;1;right;13;1.93;13.34;0.64;0.0;14.72;0.37;0;0.0;0.74;0.83;0;0.0;29.03;0.28;0.0;0.0;3.22;0.18;1999-10-04;0.0;0.09;78.75;SEN;0.2;0.17;40.15;;https://cdn5.wyscout.com/photos/players/public/g-86903_100x130.png;57.14;0.0;25.0;False;Al Faisaly;0;74;2.28;5.71;['CF'];1.29;0.37;33.33;0;0.0;1;1.93;8.65;M. Djitté;16.54;0;76.19;0.0;800000;90.0;2.48;0.0;0.0;0.18;0;0;0.09;0.09;0.0;1.29;0;CF;6.667;19.93;25.0;0.0;0.09;['Senegal'];;;2026-06-30;42.86;4.33;1999-10-04;0.09;26.67;0.02;2.76;;;25;0;Senegal
-67281;43.75;1.1;59.09;2.06;0.0;2.06;0.0;2.19;0.19;;1395;;0.06;196;5;1500000;1.03;70.0;68.52;100;2.71;Mohamed Badamosi;53.33;Abha;3.35;42;0.97;100.0;2.06;43.75;0.26;https://cdn5.wyscout.com/photos/team/public/3377_120x120.png;19.03;0.0;;Division 1;69.54;0.06;0.0;['GAM'];6.83;5;right;14;3.48;9.74;0.45;0.0;10.45;0.13;0;0.0;0.45;0.65;0;0.0;27.64;0.06;0.0;0.0;4.84;0.0;1998-12-27;0.06;0.0;67.28;GAM;0.44;0.69;42.71;;https://cdn5.wyscout.com/photos/players/public/g-67281_100x130.png;57.14;0.06;0.0;False;Abha;1;85;1.92;7.94;['CF'];0.45;0.13;100.0;0;0.0;2;0.9;6.77;M. Badamosi;14.38;0;50.0;0.0;000000;84.62;3.68;0.0;0.0;0.32;0;0;0.06;0.13;0.0;1.29;1;CF;11.905;15.15;0.0;0.0;0.32;['Gambia'];;;2025-06-30;42.86;2.84;1998-12-27;0.32;45.24;0.04;3.48;;;26;0;Gambia
182709;55.29;1.03;77.91;0.42;0.03;2.73;0.06;1.44;0.06;;2803;;0.0;198;16;900000;0.39;63.04;45.95;96;2.47;Zinho Gano;50.77;Al Hazem;4.88;77;0.29;0.0;1.35;46.15;0.1;https://cdn5.wyscout.com/photos/team/public/2801_120x120.png;10.88;0.0;;Division 1;81.7;0.13;0.0;['BEL', 'GNB'];15.55;14;left;32;1.19;12.46;0.48;0.0;13.04;0.06;0;0.0;0.42;1.48;0;0.0;22.43;0.0;66.667;0.0;4.17;0.0;1993-10-13;0.1;0.0;80.54;BEL;0.5;0.67;37.46;;https://cdn5.wyscout.com/reports-img/photo-not-found.png;53.33;0.13;66.67;False;Al Hazem;3;93;1.82;3.44;['CF'];0.58;0.03;0.0;3;0.0;6;1.06;8.93;Zinho Gano;14.26;0;60.61;0.0;000000;92.11;1.73;0.0;0.0;0.42;0;0;0.06;0.19;0.0;1.19;4;CF;20.779;15.34;100.0;0.0;0.51;['Belgium', 'Guinea-Bissau'];;;;33.33;2.76;1993-10-13;0.45;48.05;0.02;3.37;;;31;0;Belgium
299846;70.77;1.42;93.21;0.79;0.74;13.54;0.22;0.85;0.11;RCMF;3297;;0.71;175;0;900000;0.46;68.34;66.67;33;1.12;Hamidou Traoré;43.48;Al Arabi;4.2;41;1.04;38.46;0.41;58.62;0.35;https://cdn5.wyscout.com/photos/team/public/g14072_120x120.png;14.74;50.0;;Division 1;90.21;0.16;0.0;['MLI'];1.9;0;right;31;6.63;30.96;5.84;0.33;37.1;0.27;0;0.03;0.44;8.71;0;0.0;44.32;0.11;0.0;0.05;1.88;0.08;1996-10-07;0.22;0.11;84.33;MLI;0.05;1.15;54.81;;https://cdn5.wyscout.com/photos/players/public/g299846_100x130.png;54.21;0.05;69.23;False;Al Arabi;8;70;5.28;4.8;['RDMF', 'LDMF', 'RCMF'];1.09;0.05;50.0;0;0.0;0;7.7;25.47;H. Traoré;21.09;25;79.79;0.0;000000;95.45;8.22;0.5;0.0;0.38;0;0;0.3;0.0;0.0;3.47;2;RDMF;0.0;37.31;70.0;0.0;0.0;['Mali'];;;;52.5;15.29;1996-10-07;0.0;7.32;0.03;0.68;LDMF;;28;18;Mali
396571;59.09;1.78;78.21;4.02;0.09;8.23;0.65;3.65;0.19;AMF;962;;1.59;170;4;850000;2.62;45.24;62.3;42;2.43;Júnior Leandro Mendieta;39.29;Al Faisaly;6.55;26;2.06;17.65;2.34;51.16;1.87;https://cdn5.wyscout.com/photos/team/public/2993_120x120.png;22.92;14.29;;Division 1;78.54;0.37;0.0;['ARG'];3.3;4;right;15;5.71;23.11;2.71;1.4;27.6;1.12;0;0.09;0.84;3.93;0;0.0;41.67;1.03;0.0;0.19;2.62;0.09;1993-06-13;0.19;0.0;72.54;ARG;0.31;0.11;44.9;;https://cdn5.wyscout.com/photos/players/public/g396571_100x130.png;48.28;0.0;30.0;False;Al Faisaly;2;64;1.68;12.35;['LW', 'LWF', 'AMF'];2.34;0.65;18.18;0;0.0;2;4.02;21.61;J. Mendieta;17.59;19;76.74;0.0;800000;87.14;5.99;2.28;0.09;0.28;0;0;0.09;0.19;0.0;1.03;0;LW;15.385;20.9;33.33;0.0;0.37;['Argentina'];;;2026-06-30;48.0;7.3;1993-06-13;0.37;34.62;0.01;2.81;LWF;;31;14;Argentina
330383;76.99;0.85;92.75;0.52;0.52;14.81;0.0;0.33;0.0;LCB;1373;;0.33;188;0;850000;0.79;60.0;62.3;26;0.79;Alexandru Albu;50.98;Al Safa;3.74;12;1.05;40.0;0.66;25.0;0.2;https://cdn5.wyscout.com/photos/team/public/3941_120x120.png;11.6;0.0;;Superliga;89.91;0.13;0.0;['ROU'];0.74;0;left;14;4.0;37.69;4.33;0.72;42.21;0.07;0;0.07;0.39;5.9;0;0.0;42.86;0.07;0.0;0.07;3.34;0.0;1993-08-17;0.07;0.0;86.65;ROU;0.05;0.75;54.8;;https://cdn5.wyscout.com/photos/players/public/g330383_100x130.png;62.12;0.13;0.0;False;Botoşani;1;75;6.22;2.75;['RCB', 'DMF', 'LCB'];1.05;0.13;0.0;0;0.0;0;5.83;30.42;A. Albu;20.93;16;70.79;0.0;103271;92.98;7.28;1.1;0.0;0.26;0;0;0.33;0.0;0.0;4.06;2;RCB;0.0;42.68;0.0;0.0;0.0;['Romania'];;;2026-06-30;37.5;18.09;1993-08-17;0.0;25.0;0.05;0.72;DMF;;31;12;Romania
161803;75.76;1.68;91.04;0.28;0.19;15.4;0.09;0.47;0.09;LDMF;964;;0.47;177;0;850000;1.87;72.15;66.67;25;0.28;Nebojša Kosović;22.73;Al Ta'ee;4.29;3;1.31;60.0;0.47;33.33;0.56;https://cdn5.wyscout.com/photos/team/public/g3517_120x120.png;15.96;0.0;;Division 1;90.13;0.47;0.0;['SER'];0.14;0;right;12;7.28;35.01;2.71;0.28;38.28;0.37;0;0.0;0.75;7.38;0;0.0;48.84;0.47;0.0;0.0;2.05;0.0;1995-02-24;0.28;0.0;86.1;SER;0.01;0.2;51.46;;https://cdn5.wyscout.com/photos/players/public/68087_100x130.png;48.28;0.0;16.67;False;Al Ta'ee;3;71;5.97;4.01;['RDMF', 'RCMF3', 'LDMF'];1.4;0.09;40.0;0;0.0;0;6.16;26.61;N. Kosović;18.05;21;87.88;0.0;000000;100.0;8.78;0.46;0.0;0.47;0;0;0.09;0.0;0.0;3.64;0;RDMF;0.0;29.97;25.0;0.0;0.0;['Serbia'];;;;40.0;12.51;1995-02-24;0.0;33.33;0.02;0.56;RCMF3;;30;20;Serbia
121168;71.11;0.9;63.58;2.57;0.0;2.89;0.58;3.69;0.16;;2805;;0.13;180;13;800000;0.67;69.57;47.73;69;3.02;Romell Samir Quioto Robinson;48.62;Al Arabi;5.33;94;1.6;25.0;3.14;61.25;1.99;https://cdn5.wyscout.com/photos/team/public/g14072_120x120.png;13.57;28.57;;Division 1;85.42;0.39;0.06;['HND'];15.96;12;right;28;1.41;14.09;1.22;0.0;17.07;0.83;0;0.19;0.77;1.48;0;16.67;37.07;0.06;50.0;0.26;3.5;0.35;1991-09-09;0.16;0.0;76.88;HND;0.51;2.35;39.95;;https://cdn5.wyscout.com/photos/players/public/84006_100x130.png;47.37;0.13;29.03;False;Al Arabi;5;78;1.41;7.44;['CF'];1.67;1.12;50.0;2;0.03;1;1.83;13.32;R. Quioto;17.64;0;78.95;0.0;000000;92.77;1.57;0.0;0.1;0.55;0;1;0.1;0.03;0.0;0.9;4;CF;13.83;33.6;30.77;0.0;0.42;['Honduras'];;;2025-06-30;48.08;5.55;1991-09-09;0.39;50.0;0.08;4.49;;;33;0;Honduras
78771;64.14;0.69;86.15;1.99;0.06;13.14;0.48;2.87;0.33;CF;2979;;0.94;177;16;800000;1.06;69.74;47.37;38;2.81;Vinícius Goes Barbosa de Souza;46.88;Al Jubail;6.86;93;1.21;70.97;1.72;48.48;1.36;https://cdn5.wyscout.com/photos/team/public/g39927_120x120.png;10.97;52.38;;Division 1;83.69;0.24;0.06;['BRA'];11.53;11;right;29;2.3;33.72;7.01;0.24;41.84;0.69;0;0.48;1.09;9.18;0;37.5;39.37;0.33;100.0;1.51;0.97;0.3;1991-04-15;0.18;0.03;79.35;BRA;0.35;3.93;41.32;;https://cdn5.wyscout.com/photos/players/public/34193_100x130.png;64.66;0.09;42.22;False;Al Jubail;6;75;2.97;6.68;['AMF', 'LCMF3', 'CF'];2.69;0.63;72.73;5;0.03;0;8.19;34.74;Vina;21.08;18;78.6;0.0;000000;93.39;3.26;0.37;2.48;1.15;0;1;0.09;0.0;0.0;1.93;3;AMF;17.204;39.62;34.78;0.0;0.48;['Brazil'];;;;57.3;15.71;1991-04-15;0.33;38.71;0.12;1.48;LCMF3;;34;16;Brazil
192849;75.0;1.22;56.25;4.01;0.09;4.18;0.52;3.22;0.09;;1033;;0.35;176;1;800000;1.13;60.0;60.47;42;0.87;Modou Barrow;46.15;Abha;3.05;10;0.87;75.0;1.48;47.83;1.92;https://cdn5.wyscout.com/photos/team/public/2544_120x120.png;15.25;0.0;;K League 2;80.88;0.52;0.0;['GAM', 'SWE'];1.03;1;right;12;3.75;11.85;1.05;0.35;14.64;1.31;0;0.0;0.78;1.74;0;0.0;39.39;0.17;0.0;0.87;1.13;0.44;1992-10-13;0.26;0.0;72.02;GAM;0.09;1.55;42.29;;https://cdn5.wyscout.com/photos/players/public/83237_100x130.png;50.0;0.26;27.27;False;Incheon United;3;70;2.24;8.63;['RW', 'RAMF'];1.92;0.44;100.0;0;0.0;0;2.35;8.89;M. Barrow;16.72;33;81.48;0.0;0000FF;97.14;4.36;0.45;1.57;1.31;0;0;0.0;0.0;0.0;1.74;3;RW;10.0;28.05;33.33;0.0;0.09;['Gambia', 'Sweden'];;;2025-06-30;50.0;4.18;1992-10-13;0.09;70.0;0.14;1.83;RAMF;;32;0;Gambia
471061;62.2;1.53;59.65;5.38;0.15;5.96;0.58;4.87;0.44;LWF;1238;;0.15;183;4;700000;1.16;50.0;51.16;45;2.98;Oussema Bouguerra;39.29;Al Batin;4.14;41;2.98;50.0;1.96;54.05;2.76;https://cdn5.wyscout.com/photos/team/public/4095_120x120.png;18.03;30.3;;Division 1;69.48;0.36;0.07;['TUN'];3.99;4;right;14;3.13;15.48;1.02;0.07;19.12;0.36;0;0.07;0.58;1.6;0;100.0;44.3;0.0;0.0;0.22;2.04;0.22;1998-10-17;0.0;0.0;62.74;TUN;0.29;1.59;43.95;;https://cdn5.wyscout.com/reports-img/photo-not-found.png;42.86;0.29;31.58;True;Al Batin;0;76;2.84;10.83;['LW', 'LAMF', 'LWF'];1.82;2.4;0.0;0;0.0;0;3.63;13.52;O. Bouguerra;18.0;21;54.0;0.0;000000;78.95;3.71;0.1;1.6;0.87;0;0;0.07;0.0;0.0;2.04;4;LW;9.756;17.12;40.0;0.0;0.29;['Tunisia'];;;2026-06-30;52.0;4.14;1998-10-17;0.29;36.59;0.12;3.56;LAMF;;26;16;Tunisia
452064;67.74;0.8;84.43;2.36;0.0;2.75;0.06;2.27;0.12;;3048;;0.24;182;12;700000;0.47;80.43;56.25;91;1.77;Sylla Sow;25.97;Al Najma;4.4;60;1.03;50.0;0.92;50.0;0.38;https://cdn5.wyscout.com/photos/team/public/g12554_120x120.png;13.73;50.0;;Division 1;85.68;0.35;0.03;['NLD', 'SEN'];11.08;11;right;31;1.89;12.99;0.32;0.0;13.64;0.24;0;0.0;0.8;1.36;0;0.0;31.32;0.24;100.0;0.0;2.27;0.0;1996-08-08;0.12;0.06;83.77;NLD;0.33;3.07;32.47;;https://cdn5.wyscout.com/photos/players/public/g452064_100x130.png;63.64;0.12;30.77;False;Al Najma;4;74;1.24;7.82;['CF'];0.59;0.12;50.0;1;0.03;3;1.06;9.86;S. Sow;14.98;0;75.0;0.0;000000;93.96;1.77;0.0;0.0;0.71;0;1;0.03;0.09;0.0;0.71;4;CF;20.0;11.55;25.0;0.0;0.35;['Netherlands', 'Senegal'];;;2025-06-30;75.0;3.6;1996-08-08;0.32;48.33;0.09;2.95;;;28;0;Netherlands
279287;63.49;1.12;75.21;1.44;0.0;3.93;0.09;1.41;0.03;;2882;;0.25;187;10;700000;1.22;66.07;56.94;97;1.66;Léandre Geal Tawamba Kana;48.46;Al Ta'ee;4.15;53;0.59;37.5;2.06;45.65;0.59;https://cdn5.wyscout.com/photos/team/public/g3517_120x120.png;17.21;21.43;;Division 1;80.26;0.44;0.03;['CMR'];11.82;5;right;30;2.25;14.55;0.84;0.0;15.93;0.16;0;0.0;1.22;1.75;0;0.0;30.1;0.12;100.0;0.0;4.06;0.12;1989-12-20;0.19;0.06;76.86;CMR;0.37;3.16;37.93;;https://cdn5.wyscout.com/photos/players/public/g279287_100x130.png;55.56;0.19;21.05;False;Al Ta'ee;6;95;1.97;9.02;['CF'];1.16;0.44;50.0;5;0.0;1;1.34;11.55;L. Tawamba;14.96;0;83.72;0.0;000000;84.96;2.5;0.0;0.0;0.94;0;0;0.16;0.03;0.0;1.22;6;CF;18.868;22.06;20.0;0.0;0.31;['Cameroon'];;;;51.35;3.65;1989-12-20;0.16;33.96;0.1;3.9;;;35;0;Cameroon
255123;69.18;0.68;88.27;0.95;0.41;18.03;0.33;1.51;0.03;RCMF;3045;;1.39;189;4;700000;1.0;63.61;63.45;37;1.3;Hicham Faik;33.33;Al Bukayriyah;8.81;44;0.74;40.43;0.8;50.0;1.03;https://cdn5.wyscout.com/photos/team/public/g-9478_120x120.png;9.99;22.73;;Division 1;87.61;0.33;0.0;['NLD', 'MAR'];3.13;4;left;29;4.29;41.02;6.83;0.15;48.83;0.35;0;0.3;1.15;10.64;0;40.0;50.0;0.59;0.0;1.8;0.98;0.3;1992-03-19;0.09;0.03;81.9;NLD;0.09;6.35;53.25;;https://cdn5.wyscout.com/photos/players/public/g255123_100x130.png;54.55;0.21;31.43;False;Al Bukayriyah;3;82;3.86;3.37;['LCMF', 'LCMF3', 'RCMF'];3.04;0.65;35.0;0;0.0;0;9.16;38.72;H. Faik;19.33;25;83.55;0.0;000000;97.65;5.41;0.22;2.31;1.42;0;0;0.21;0.0;0.0;2.54;7;LCMF;9.091;38.03;50.0;0.0;0.12;['Netherlands', 'Morocco'];;;2026-06-30;46.6;14.87;1992-03-19;0.12;38.64;0.19;0.98;LCMF3;;33;12;Netherlands
326126;78.34;0.82;85.75;1.8;1.02;13.81;1.76;2.79;0.0;;2197;;0.41;173;0;650000;0.94;82.31;70.07;81;0.29;Mohammed Ibrahim Al Burayk;51.06; NEOM;7.82;7;1.56;40.0;2.99;50.0;4.34;https://cdn5.wyscout.com/photos/team/public/g16976_120x120.png;13.27;57.14;;Division 1;92.39;0.57;0.04;['KSA'];0.49;0;right;25;6.02;37.16;4.71;0.04;46.0;3.77;0;0.08;1.02;5.33;0;50.0;44.66;0.08;0.0;0.61;1.93;0.66;1992-09-15;0.08;0.04;85.22;KSA;0.02;4.08;55.86;;https://cdn5.wyscout.com/photos/players/public/g326126_100x130.png;68.7;0.16;42.45;False; NEOM;2;64;4.98;4.22;['RB', 'LB'];4.47;0.57;0.0;0;0.04;0;9.67;35.76;Mohammed Al Burayk;19.69;17;82.63;0.0;000000;94.24;7.05;0.07;1.19;1.11;0;1;0.12;0.0;0.0;2.79;4;RB;0.0;34.04;40.22;0.0;0.0;['Saudi Arabia'];;;2027-06-30;53.21;15.81;1992-09-15;0.0;14.29;0.17;0.9;LB;;32;0;Saudi Arabia
401359;72.26;0.13;98.82;0.07;0.0;10.08;0.0;0.07;0.0;;1384;-0.08;0.2;192;0;600000;0.2;50.0;0.0;100;0.0;Abdelali Mhamdi;100.0;Al Batin;0.07;0;0.0;33.33;0.26;100.0;0.0;https://cdn5.wyscout.com/photos/team/public/4095_120x120.png;0.72;0.0;2.02;Division 1;98.52;0.07;0.0;['MAR'];0.0;0;right;13;0.07;8.78;7.35;0.07;16.13;0.0;22;;0.0;2.99;62;;100.0;0.0;0.0;;0.39;0.0;1991-11-29;0.13;0.0;81.85;MAR;0.0;0.22;81.82;1.43;https://cdn5.wyscout.com/photos/players/public/g401359_100x130.png;61.95;0.0;0.0;True;Al Batin;2;0;1.88;0.2;['GK'];0.26;0.0;0.0;0;0.0;0;5.01;7.93;Ali Mhamdi;36.3;0;80.52;1.43;000000;0.0;1.37;0.09;0.0;0.07;3;0;0.0;0.0;21.92;1.3;0;GK;0.0;50.82;0.0;64.52;0.0;['Morocco'];0.39;-0.005;2026-06-30;0.0;5.53;1991-11-29;0.0;0.0;0.01;0.0;;4.03;33;0;Morocco
468034;65.13;0.93;68.35;4.4;0.13;5.03;1.09;4.7;0.2;RW;2720;;0.2;176;8;600000;1.16;60.47;56.99;23;1.62;Ibrahima Ndiaye;48.21;Al Hazem;7.05;49;2.08;33.33;3.54;65.41;3.28;https://cdn5.wyscout.com/photos/team/public/2801_120x120.png;16.81;36.99;;Division 1;81.54;0.76;0.07;['SEN'];7.13;8;left;31;3.08;20.25;1.39;0.2;24.68;0.83;0;0.0;0.99;1.42;0;0.0;45.59;0.1;0.0;0.07;3.71;0.36;1998-07-06;0.17;0.07;74.13;SEN;0.24;5.1;47.05;;https://cdn5.wyscout.com/photos/players/public/g468034_100x130.png;45.24;0.2;38.38;False;Al Hazem;5;68;3.65;8.64;['LW', 'LAMF', 'RW'];3.01;2.42;33.33;0;0.0;2;3.11;19.52;I. Ndiaye;18.19;21;76.6;0.0;000000;91.55;4.33;0.3;0.1;1.13;0;0;0.17;0.07;0.0;2.38;6;LW;16.327;32.61;44.0;0.0;0.26;['Senegal'];;;;49.45;7.84;1998-07-06;0.26;32.65;0.17;3.97;LAMF;;26;12;Senegal
283472;59.87;0.24;63.08;2.83;0.08;5.97;1.18;2.87;0.16;;2291;;0.04;175;1;600000;0.94;64.0;63.49;41;0.39;Connor Pain;39.22;Al Bukayriyah;7.54;10;1.65;0.0;1.69;56.94;3.93;https://cdn5.wyscout.com/photos/team/public/g-9478_120x120.png;11.71;27.66;;Division 1;83.3;0.55;0.0;['HKG', 'AUS'];0.72;1;left;23;2.47;22.12;1.41;0.08;27.3;0.12;0;0.0;0.71;1.96;0;0.0;43.05;0.0;0.0;0.0;2.0;0.59;1993-11-11;0.08;0.04;73.24;HKG;0.03;3.27;47.32;;https://cdn5.wyscout.com/photos/players/public/g283472_100x130.png;36.11;0.2;28.0;False;Al Bukayriyah;2;68;2.73;5.93;['LW', 'LWB'];3.42;3.69;0.0;0;0.04;0;3.97;20.7;C. Pain;18.37;25;76.24;0.0;000000;94.79;3.46;0.12;0.04;0.82;0;1;0.08;0.0;0.0;1.81;5;LW;10.0;25.33;33.33;0.0;0.04;['Hong Kong', 'Australia'];;;2025-06-30;41.38;7.66;1993-11-11;0.04;40.0;0.13;1.85;LWB;;31;0;Hong Kong
-124067;71.91;1.34;67.67;4.91;0.0;13.23;1.34;4.46;0.45;RAMF;1211;;1.41;173;2;600000;0.74;62.65;59.42;39;1.19;Ahmed bin Mazen bin Ahmed Al Hijazi Al Ghamdi;43.75; NEOM;6.76;16;2.68;42.11;2.01;46.97;3.79;https://cdn5.wyscout.com/photos/team/public/g16976_120x120.png;19.25;34.21;;Division 1;82.52;1.19;0.0;['KSA', 'CAN'];1.68;2;right;16;5.13;31.88;2.38;0.22;37.98;0.97;0;0.0;1.71;6.17;0;0.0;36.05;0.59;0.0;0.22;1.19;0.67;2001-09-20;0.22;0.15;75.54;KSA;0.12;4.88;42.47;;https://cdn5.wyscout.com/photos/players/public/g-124067_100x130.png;46.88;0.59;33.33;False; NEOM;3;66;3.21;10.92;['LAMF', 'LW', 'RAMF'];5.35;2.82;37.5;0;0.0;0;7.88;32.25;Ahmed Al Ghamdi;18.37;38;82.08;0.0;000000;95.6;5.28;0.36;2.6;2.01;0;0;0.15;0.0;0.0;2.01;8;LAMF;12.5;35.18;30.77;0.0;0.15;['Saudi Arabia', 'Canada'];;;2027-06-30;44.44;9.88;2001-09-20;0.15;56.25;0.36;3.42;LW;;23;10;Saudi Arabia
331827;80.0;0.74;86.58;2.14;0.52;7.75;1.03;2.88;0.0;LW;1219;;0.44;172;0;600000;0.96;77.59;58.62;37;1.4;Mounir El Allouchi;50.0;Al Zulfi;8.79;19;1.48;33.33;1.85;58.62;2.44;https://cdn5.wyscout.com/photos/team/public/g25430_120x120.png;9.89;50.0;;Division 1;90.52;0.59;0.15;['NLD', 'MAR'];1.17;0;right;15;2.14;29.61;1.55;0.0;33.52;0.74;0;0.22;0.66;4.28;0;33.33;50.0;0.15;0.0;0.74;1.48;0.37;1994-09-27;0.07;0.0;85.24;NLD;0.09;2.05;49.25;;https://cdn5.wyscout.com/photos/players/public/g331827_100x130.png;47.62;0.22;45.45;False;Al Zulfi;1;72;2.08;5.02;['AMF', 'LCMF', 'LW'];2.44;1.62;50.0;0;0.0;0;4.65;25.77;M. El Allouchi;18.95;27;80.95;0.0;000000;94.12;2.66;0.0;2.07;0.89;0;0;0.07;0.0;0.0;1.4;3;AMF;0.0;29.78;40.0;0.0;0.0;['Netherlands', 'Morocco'];;;;57.58;11.0;1994-09-27;0.0;31.58;0.15;1.99;LCMF;;30;12;Netherlands
483769;66.5;0.8;89.57;0.72;0.36;16.51;0.28;1.6;0.08;LCMF;2246;;1.68;178;5;600000;0.28;68.98;64.65;28;2.0;Emmanuel Justine Rabby Banda;51.35;Al Ta'ee;5.73;50;0.8;42.86;0.56;61.11;0.96;https://cdn5.wyscout.com/photos/team/public/g3517_120x120.png;9.74;33.33;;Division 1;86.59;0.28;0.04;['ZAM'];4.18;5;left;24;3.97;33.46;7.21;0.04;41.55;0.24;0;0.08;1.0;9.82;0;50.0;31.65;0.36;0.0;0.52;1.48;0.16;1997-09-29;0.2;0.0;80.81;ZAM;0.17;2.52;46.91;;https://cdn5.wyscout.com/photos/players/public/g483769_100x130.png;60.0;0.04;33.33;False;Al Ta'ee;5;73;5.16;3.17;['RCMF', 'LDMF', 'LCMF'];3.05;0.72;33.33;0;0.04;0;7.73;31.58;E. Banda;20.79;25;82.9;0.0;000000;97.9;5.69;0.07;0.24;0.48;0;1;0.16;0.0;0.0;3.09;1;RCMF;10.0;38.79;33.33;0.0;0.2;['Zambia'];;;2026-06-30;46.05;13.82;1997-09-29;0.2;36.0;0.1;1.32;LDMF;;27;21;Zambia
177951;80.08;1.28;93.86;0.96;0.07;9.13;0.36;1.35;0.07;DMF;2524;;0.21;181;0;600000;1.57;85.29;61.16;21;1.0;Juan José Narváez Solarte;52.27;Al Jabalain;7.1;28;0.82;50.0;0.89;48.15;0.96;https://cdn5.wyscout.com/photos/team/public/g9286_120x120.png;12.34;25.0;;Division 1;93.86;0.32;0.0;['COL', 'ESP'];2.61;0;right;27;4.31;36.58;1.96;0.14;39.44;0.64;0;0.0;0.43;6.06;0;0.0;42.62;0.0;0.0;0.0;1.57;0.14;1995-02-12;0.11;0.0;90.87;COL;0.09;1.78;50.0;;https://cdn5.wyscout.com/photos/players/public/g177951_100x130.png;61.82;0.07;33.33;False;Al Jabalain;3;76;3.95;4.35;['RCMF', 'CF', 'DMF'];1.11;0.29;0.0;0;0.0;0;4.78;31.66;Juanjo Narváez;17.96;13;81.34;0.0;000000;98.49;5.21;0.23;1.11;0.78;0;0;0.14;0.0;0.0;2.42;2;RCMF;0.0;33.24;33.33;0.0;0.0;['Colombia', 'Spain'];;;2025-06-30;61.29;16.26;1995-02-12;0.0;57.14;0.06;1.85;CF;;30;12;Colombia
-222032;74.01;0.62;92.44;0.21;0.82;15.51;0.07;0.34;0.0;;1317;;0.27;188;1;600000;0.68;56.58;61.84;61;0.48;Nabil Marmouk;67.39;Abha;1.44;7;0.48;25.0;0.14;33.33;0.07;https://cdn5.wyscout.com/photos/team/public/3377_120x120.png;10.59;0.0;;Division 1;90.13;0.0;0.0;['MAR'];1.17;1;right;13;5.19;25.63;4.58;0.48;30.27;0.07;0;0.0;0.07;5.19;0;0.0;47.37;0.0;0.0;0.0;3.14;0.0;1998-03-19;0.27;0.0;83.07;MAR;0.08;0.24;61.94;;https://cdn5.wyscout.com/photos/players/public/g-222032_100x130.png;43.28;0.0;100.0;False;Abha;4;0;4.03;1.3;['LCB', 'RDMF'];0.48;0.0;0.0;0;0.07;0;6.83;18.52;N. Marmouk;22.8;10;69.0;0.0;000000;90.48;6.36;0.72;0.0;0.14;0;1;0.27;0.0;0.0;2.67;0;LCB;14.286;40.38;100.0;0.0;0.07;['Morocco'];;;2026-06-30;0.0;11.75;1998-03-19;0.07;42.86;0.02;0.62;RDMF;;27;0;Morocco
397768;55.56;0.0;67.65;0.8;0.23;1.03;0.0;1.25;0.0;;790;;0.11;187;5;600000;0.11;44.44;75.0;96;1.94;Ablaye Vieux Mbengue;44.0;Al Arabi;3.42;17;0.46;0.0;1.37;0.0;0.23;https://cdn5.wyscout.com/photos/team/public/g14072_120x120.png;7.06;0.0;;Division 1;81.18;0.0;0.0;['SEN'];2.55;4;right;12;0.46;9.68;0.34;0.0;10.25;0.11;0;0.0;0.23;1.03;0;0.0;16.67;0.11;100.0;0.0;2.85;0.0;1992-05-19;0.11;0.0;77.78;SEN;0.29;0.04;33.87;;https://cdn5.wyscout.com/photos/players/public/g397768_100x130.png;33.33;0.0;0.0;False;Al Arabi;1;78;2.17;2.73;['CF'];0.46;0.11;0.0;1;0.0;2;0.68;7.86;A. Mbengue;13.66;0;33.33;0.0;000000;90.0;1.71;0.0;0.0;0.23;0;0;0.11;0.23;0.0;1.37;0;CF;29.412;6.55;0.0;0.0;0.57;['Senegal'];;;2025-06-30;25.0;3.87;1992-05-19;0.46;64.71;0.0;3.08;;;33;0;Senegal
210268;54.55;2.64;63.64;1.41;0.0;2.07;0.0;1.04;0.0;;955;;0.09;185;1;550000;0.66;63.64;42.11;100;1.13;Kevin Luckassen;34.72;Al Batin;3.58;12;0.47;0.0;1.88;53.33;1.41;https://cdn5.wyscout.com/photos/team/public/g40045_120x120.png;20.45;0.0;;Superliga;78.18;0.0;0.0;['NLD', 'GHA'];1.73;1;right;12;3.58;10.37;0.75;0.09;12.44;1.04;0;0.0;0.66;1.04;0;0.0;27.16;0.09;0.0;0.0;6.79;0.09;1993-07-26;0.09;0.0;68.18;NLD;0.16;0.31;31.34;;https://cdn5.wyscout.com/reports-img/photo-not-found.png;50.0;0.0;0.0;False;AS FC Buzău;1;80;2.12;7.63;['CF'];0.94;0.28;0.0;0;0.0;0;1.13;5.37;K. Luckassen;18.77;0;58.33;0.0;000000;86.84;3.11;0.13;0.0;0.57;0;0;0.19;0.0;0.0;1.51;0;CF;8.333;18.71;0.0;0.0;0.09;['Netherlands', 'Ghana'];;;;20.0;3.11;1993-07-26;0.09;25.0;0.03;2.92;;;31;0;Netherlands
-231395;63.75;1.52;73.91;2.33;0.0;8.1;1.11;3.85;0.3;LCMF;889;;0.2;186;4;550000;0.3;63.33;52.17;31;1.72;Abbas Sadiq Al Hassan;27.27; NEOM;8.61;17;1.32;50.0;1.42;73.91;3.04;https://cdn5.wyscout.com/photos/team/public/g16976_120x120.png;13.57;33.33;;Division 1;82.92;0.3;0.2;['KSA'];2.02;4;right;27;6.99;24.3;0.91;0.3;28.04;2.73;0;0.0;0.91;3.04;0;0.0;48.84;0.1;0.0;0.0;1.11;0.61;2004-02-22;0.2;0.0;76.53;KSA;0.2;1.68;47.76;;https://cdn5.wyscout.com/photos/players/public/g-231395_100x130.png;44.44;0.2;33.33;False; NEOM;2;76;5.2;4.35;['RW', 'RAMF', 'LCMF'];2.83;0.3;100.0;0;0.0;0;4.56;22.17;Abbas Al Hassan;15.94;24;62.22;0.0;000000;91.76;6.99;0.52;0.3;0.91;0;0;0.3;0.0;0.0;3.04;2;RW;23.529;10.35;33.33;0.0;0.4;['Saudi Arabia'];;;2029-06-30;50.0;6.99;2004-02-22;0.4;58.82;0.17;2.94;RAMF;;21;10;Saudi Arabia
431958;64.13;1.27;78.65;3.9;0.48;7.33;0.4;2.71;0.24;;1130;;0.72;183;2;500000;2.71;61.7;63.64;44;1.04;Yassine  Amri;28.0;Al Jandal;5.81;13;1.59;33.33;2.23;44.9;1.59;https://cdn5.wyscout.com/photos/team/public/g-19214_120x120.png;22.86;42.86;;Division 1;83.21;0.48;0.0;['TUN'];1.7;2;left;20;4.38;21.35;2.39;0.16;25.25;1.04;0;0.08;1.04;3.74;0;100.0;33.73;0.16;0.0;0.56;1.99;0.08;1995-08-18;0.16;0.0;77.29;TUN;0.14;1.5;40.42;;https://cdn5.wyscout.com/photos/players/public/g431958_100x130.png;56.67;0.08;25.0;False;Al Jandal;2;78;3.86;13.46;['RAMF', 'AMF'];2.47;0.56;50.0;1;0.0;0;4.22;16.73;Y. Amri;18.79;27;75.47;0.0;000000;91.78;5.65;0.23;0.96;0.4;0;0;0.16;0.0;0.0;2.71;1;RAMF;15.385;26.66;15.38;0.0;0.16;['Tunisia'];;;2026-06-30;48.39;7.09;1995-08-18;0.16;46.15;0.12;1.04;AMF;;29;0;Tunisia
315769;82.76;0.88;94.9;0.22;1.79;16.44;0.09;0.31;0.06;;2858;;0.25;183;1;450000;0.35;72.73;77.31;78;0.25;Juriën Gaari;64.41;Al Hazem;2.33;8;1.51;37.5;0.31;57.14;0.25;https://cdn5.wyscout.com/photos/team/public/2801_120x120.png;8.94;50.0;;Division 1;93.98;0.03;0.03;['NLD', 'CUR'];0.46;1;right;28;3.75;34.01;4.63;0.22;38.89;0.19;0;0.0;0.0;6.58;0;0.0;39.13;0.09;0.0;0.03;1.86;0.09;1993-12-23;0.22;0.0;89.15;NLD;0.01;0.33;64.79;;https://cdn5.wyscout.com/photos/players/public/g315769_100x130.png;57.14;0.0;25.0;False;Al Hazem;7;74;5.72;1.45;['RCB', 'RCB3'];0.47;0.06;66.67;0;0.03;1;9.2;25.92;J. Gaari;23.53;10;79.45;0.0;000000;93.24;6.71;0.35;0.0;0.03;0;1;0.16;0.03;0.0;3.59;0;RCB;12.5;39.37;16.67;0.0;0.03;['Netherlands', 'Curaçao'];;;;26.67;17.92;1993-12-23;0.03;25.0;0.01;0.28;RCB3;;31;0;Netherlands
-128868;60.8;1.77;74.83;2.56;0.08;6.8;0.54;3.05;0.16;CF;3308;;0.46;173;6;450000;1.39;59.29;57.39;38;2.37;Rédha Bensayah;50.94;Al Adalah;7.16;87;1.55;47.06;2.61;57.45;1.88;https://cdn5.wyscout.com/photos/team/public/g12557_120x120.png;17.52;30.3;;Division 1;81.81;0.33;0.03;['ALG'];12.4;6;left;33;4.79;22.88;2.04;0.46;26.72;0.95;0;0.0;0.98;3.81;0;0.0;39.93;0.33;0.0;0.03;2.88;0.35;1994-08-22;0.22;0.0;75.76;ALG;0.34;3.52;47.05;;https://cdn5.wyscout.com/reports-img/photo-not-found.png;50.67;0.03;27.54;False;Al Adalah;8;72;3.18;7.84;['RW', 'RWF', 'CF'];2.69;0.9;41.67;0;0.0;2;4.49;21.33;R. Bensayah;18.38;15;72.12;0.0;000000;92.02;5.06;0.79;0.41;0.68;0;0;0.11;0.05;0.0;1.85;1;RW;6.897;37.51;25.71;0.0;0.16;['Algeria'];;;2025-06-30;48.48;8.11;1994-08-22;0.16;39.08;0.1;3.81;RWF;;30;13;Algeria
191594;62.08;1.74;86.09;1.38;0.13;15.83;0.4;1.51;0.2;LCMF;2683;;1.21;179;1;450000;0.6;63.74;62.67;27;0.27;Afonso Miguel  Castro Vilhena Taira;56.14;Al Batin;3.92;8;0.7;22.22;0.67;60.98;0.97;https://cdn5.wyscout.com/photos/team/public/4095_120x120.png;14.69;25.0;;Division 1;79.61;0.5;0.0;['PRT'];1.16;1;right;27;7.28;30.59;4.06;0.2;35.59;0.57;0;0.03;0.77;8.79;0;100.0;48.41;0.57;0.0;0.74;1.91;0.1;1992-06-17;0.23;0.0;74.65;PRT;0.04;2.39;55.48;;https://cdn5.wyscout.com/photos/players/public/72140_100x130.png;46.28;0.17;34.48;False;Al Batin;7;67;5.13;4.23;['RCMF', 'RDMF', 'LCMF'];2.45;0.4;41.18;0;0.0;0;7.68;20.63;Afonso Taira;20.53;18;78.6;0.0;000000;92.31;8.52;0.27;0.44;0.67;0;0;0.44;0.0;0.0;3.76;5;RCMF;12.5;36.83;41.18;0.0;0.03;['Portugal'];;;;35.62;11.57;1992-06-17;0.03;37.5;0.08;0.94;RDMF;;32;14;Portugal
195841;63.08;1.93;75.63;1.79;0.0;6.06;0.26;2.21;0.23;;3176;;0.31;182;14;450000;1.5;59.46;41.89;99;1.67;Silva Henrique de Sousa Luvannor;30.14;Al Bukayriyah;5.81;59;1.36;36.36;2.49;49.21;0.77;https://cdn5.wyscout.com/photos/team/public/g-9478_120x120.png;21.28;41.18;;Division 1;77.73;0.54;0.09;['BRA', 'MHL'];11.8;10;left;32;2.1;21.76;1.11;0.11;23.49;0.2;0;0.03;0.91;3.15;0;100.0;28.53;0.34;80.0;0.03;5.92;0.06;1990-05-19;0.17;0.03;75.51;BRA;0.33;3.44;30.09;;https://cdn5.wyscout.com/photos/players/public/71799_100x130.png;53.85;0.23;33.33;False;Al Bukayriyah;6;78;2.3;9.04;['CF'];1.25;0.48;41.67;5;0.03;4;2.95;16.29;Luvannor;15.28;0;72.12;0.0;000000;89.27;2.49;0.17;0.0;0.82;0;1;0.03;0.11;0.0;1.5;8;CF;23.729;24.8;28.57;0.0;0.4;['Brazil', 'Moldova'];;;2025-06-30;54.55;6.74;1990-05-19;0.28;55.93;0.1;2.89;;;35;0;Brazil
480552;77.45;0.41;96.68;0.28;2.03;11.6;0.1;0.45;0.03;;2615;;0.31;185;1;450000;0.34;53.62;77.24;69;0.41;Cheick Ibrahim Comara;53.13;Al Jandal;2.37;12;0.24;11.11;0.21;50.0;0.14;https://cdn5.wyscout.com/photos/team/public/g-19214_120x120.png;8.54;0.0;;Division 1;93.24;0.07;0.03;['CIV'];1.62;1;left;27;4.23;26.47;3.54;0.55;30.15;0.14;0;0.0;0.17;2.37;0;0.0;48.65;0.07;0.0;0.0;2.2;0.0;1993-10-14;0.14;0.0;88.36;CIV;0.06;0.98;66.53;;https://cdn5.wyscout.com/photos/players/public/g480552_100x130.png;52.43;0.03;75.0;False;Al Jandal;4;80;4.55;1.27;['RCB', 'LCB'];0.55;0.0;0.0;0;0.0;1;4.75;19.24;C. Comara;20.74;21;62.32;0.0;000000;95.65;7.16;0.75;0.0;0.1;0;0;0.45;0.03;0.0;3.34;1;RCB;8.333;33.61;75.0;0.0;0.03;"[""Côte d'Ivoire""]";;;;43.75;13.46;1993-10-14;0.03;50.0;0.03;0.55;LCB;;31;0;Côte d'Ivoire
226405;63.16;0.38;51.35;4.59;0.0;3.63;0.96;4.01;0.19;RW;471;;0.0;175;0;450000;0.57;66.67;72.22;56;1.34;Evans Kangwa;40.0;Abha;4.78;7;2.68;0.0;3.63;62.5;4.39;https://cdn5.wyscout.com/photos/team/public/3377_120x120.png;14.14;15.79;;Division 1;79.49;0.19;0.38;['ZAM'];1.4;0;right;7;3.44;14.9;1.53;0.0;20.64;0.76;0;0.0;0.38;1.15;0;0.0;40.48;0.0;0.0;0.38;1.91;0.19;1992-10-09;0.0;0.0;64.81;ZAM;0.27;0.61;50.0;;https://cdn5.wyscout.com/photos/players/public/g226405_100x130.png;50.0;0.0;17.39;False;Abha;0;70;3.03;8.03;['LAMF', 'LW', 'RW'];3.82;3.63;0.0;0;0.0;0;2.87;12.61;E. Kangwa;20.49;15;66.67;0.0;000000;80.0;4.59;0.0;2.68;0.96;0;0;0.19;0.0;0.0;2.1;0;LAMF;0.0;25.76;25.0;0.0;0.0;['Zambia'];;;;25.0;7.07;1992-10-09;0.0;28.57;0.12;2.29;LW;;32;14;Zambia
-138102;84.5;1.58;93.02;1.58;0.42;13.61;0.0;0.95;0.21;RCMF3;853;;0.21;0;0;400000;1.48;73.33;70.45;29;0.42;Appolinaire Kack;61.54;Al Jubail;2.95;4;1.06;0.0;0.11;53.33;0.32;https://cdn5.wyscout.com/photos/team/public/g39927_120x120.png;13.61;0.0;;Division 1;93.98;0.0;0.0;['CMR'];0.29;0;right;8;4.64;31.55;3.38;0.0;35.24;0.21;0;0.0;0.0;4.75;0;0.0;48.08;0.0;0.0;0.0;1.37;0.0;1996-03-21;0.32;0.11;89.52;CMR;0.03;0.0;56.59;;https://cdn5.wyscout.com/reports-img/photo-not-found.png;56.25;0.0;0.0;False;Al Jubail;3;0;5.26;5.49;['LCB', 'DMF', 'RCMF3'];0.32;0.11;0.0;0;0.0;0;5.28;23.85;A. Kack;18.91;24;76.0;0.0;000000;100.0;6.44;0.0;0.0;0.11;0;0;0.21;0.0;0.0;3.17;0;LCB;0.0;43.28;0.0;0.0;0.0;['Cameroon'];;;;0.0;13.61;1996-03-21;0.0;25.0;0.0;0.53;DMF;;29;23;Cameroon
128583;83.72;1.05;93.72;1.34;0.57;16.42;0.67;1.53;0.0;RCMF3;943;;2.1;180;0;400000;0.1;81.58;46.3;44;0.1;Salman Mohammed Al Faraj;33.33; NEOM;11.17;1;1.24;63.64;0.86;42.86;1.05;https://cdn5.wyscout.com/photos/team/public/g16976_120x120.png;9.64;66.67;;Division 1;92.95;0.57;0.19;['KSA'];0.01;0;left;9;5.15;51.44;6.59;0.1;59.08;0.67;0;0.0;1.81;10.88;0;0.0;27.03;0.67;0.0;0.57;0.29;0.1;1989-08-01;0.0;0.1;90.15;KSA;0.0;2.68;36.63;;https://cdn5.wyscout.com/photos/players/public/59228_100x130.png;73.91;0.29;54.55;False; NEOM;0;69;5.17;3.53;['RDMF', 'RCMF', 'RCMF3'];3.15;0.29;42.86;0;0.0;0;10.12;47.91;Salman Al Faraj;18.95;16;88.68;0.0;000000;94.02;4.96;0.2;3.72;1.91;0;0;0.0;0.0;0.0;2.48;3;RDMF;0.0;37.51;57.14;0.0;0.0;['Saudi Arabia'];;;2026-06-30;66.67;22.81;1989-08-01;0.0;100.0;0.26;1.15;RCMF;;35;12;Saudi Arabia
178488;72.61;1.16;82.22;3.32;0.06;6.53;0.4;3.04;0.23;RWF;3172;;0.28;169;4;400000;1.45;73.33;58.7;36;2.1;Andrew Erick Feitosa;36.17;Al Faisaly;5.73;74;1.87;30.0;1.99;53.85;1.82;https://cdn5.wyscout.com/photos/team/public/2993_120x120.png;18.13;25.0;;Division 1;84.71;0.51;0.06;['BRA'];5.81;4;left;31;3.92;23.01;0.99;0.03;25.71;1.19;0;0.23;1.02;2.98;0;37.5;34.83;0.28;0.0;2.07;1.33;0.26;1992-09-01;0.11;0.03;79.69;BRA;0.16;9.52;40.38;;https://cdn5.wyscout.com/photos/players/public/79939_100x130.png;65.71;0.17;20.31;False;Al Faisaly;4;74;2.06;11.41;['RW', 'RAMF', 'RWF'];1.82;0.57;40.0;0;0.0;0;3.09;19.21;Morato;16.62;24;79.82;0.0;800000;92.08;3.55;0.05;3.29;1.96;0;0;0.06;0.0;0.0;1.22;6;RW;5.405;28.83;19.05;0.0;0.11;['Brazil'];;;;53.13;7.66;1992-09-01;0.11;36.49;0.27;2.72;RAMF;;32;18;Brazil
233905;76.72;1.31;84.46;1.79;0.0;15.75;0.35;2.62;0.16;AMF;2822;;1.15;186;7;400000;1.63;74.65;53.93;31;1.69;Lucas Vieira de Souza;52.04;Al Faisaly;4.69;53;1.5;41.67;1.12;67.86;1.28;https://cdn5.wyscout.com/photos/team/public/2993_120x120.png;13.81;22.22;;Division 1;85.6;0.32;0.0;['BRA', 'PRT'];8.8;4;right;28;2.84;36.55;4.56;0.16;42.32;0.96;0;0.03;0.86;9.18;0;0.0;53.93;0.35;60.0;0.03;3.13;0.1;1990-07-04;0.19;0.0;81.24;BRA;0.28;3.07;51.27;;https://cdn5.wyscout.com/photos/players/public/g233905_100x130.png;60.14;0.03;32.5;False;Al Faisaly;6;80;4.96;6.09;['RCMF', 'RCMF3', 'AMF'];2.26;0.29;45.45;5;0.03;1;8.83;32.31;Lucas Souza;18.34;18;83.03;0.0;800000;88.44;4.66;0.27;0.0;0.64;0;1;0.22;0.03;0.0;2.97;1;RCMF;13.208;37.78;36.67;0.0;0.22;['Brazil', 'Portugal'];;;;47.89;14.57;1990-07-04;0.13;49.06;0.1;2.17;RCMF3;;34;16;Brazil
259021;58.44;1.46;65.71;4.27;0.0;3.13;0.45;3.78;0.81;LWF;2213;;0.24;182;6;400000;1.26;50.0;58.33;38;1.63;Bilel Aouacheria;21.88;Al Najma;5.98;40;2.2;33.33;1.02;57.14;2.28;https://cdn5.wyscout.com/photos/team/public/g12554_120x120.png;17.73;22.0;;Division 1;82.76;0.12;0.0;['FRA', 'ALG'];4.05;6;both;21;3.42;14.15;0.77;0.08;17.04;0.24;0;0.0;0.49;0.98;0;0.0;39.47;0.16;0.0;0.0;1.3;0.41;1994-04-02;0.12;0.0;73.99;FRA;0.16;0.64;41.28;;https://cdn5.wyscout.com/photos/players/public/g259021_100x130.png;47.37;0.04;25.0;False;Al Najma;3;77;3.29;10.82;['LW', 'LAMF', 'LWF'];1.5;2.03;50.0;0;0.0;0;1.99;10.86;B. Aouacheria;17.46;25;67.35;0.0;000000;90.48;4.07;0.13;0.0;0.2;0;0;0.0;0.0;0.0;1.99;1;LW;15.0;22.93;50.0;0.0;0.24;['France', 'Algeria'];;;2025-06-30;27.03;4.27;1994-04-02;0.24;42.5;0.03;2.85;LAMF;;31;25;France
465484;80.61;1.67;90.58;0.61;0.45;14.85;0.76;1.21;0.15;DMF;594;;0.61;185;0;400000;0.3;70.59;54.72;43;0.61;Ali Hassan Al Asmari;44.44; NEOM;7.73;4;0.45;0.0;0.3;75.0;0.91;https://cdn5.wyscout.com/photos/team/public/g16976_120x120.png;13.79;100.0;;Division 1;90.85;0.3;0.0;['KSA'];0.06;0;right;15;8.03;46.36;5.45;1.06;52.73;0.45;0;0.0;0.61;7.73;0;0.0;27.27;0.0;0.0;0.3;1.36;0.0;1997-01-12;0.15;0.3;87.93;KSA;0.01;0.4;47.25;;https://cdn5.wyscout.com/photos/players/public/g465484_100x130.png;66.67;0.0;66.67;False; NEOM;1;74;5.22;3.33;['LCMF', 'RCMF', 'DMF'];2.73;0.15;0.0;0;0.0;0;7.73;41.36;Ali Al Asmari;17.1;23;78.43;0.0;000000;92.16;8.48;1.83;0.0;0.76;0;0;0.3;0.0;0.0;3.03;0;LCMF;0.0;22.45;100.0;0.0;0.0;['Saudi Arabia'];;;2025-06-30;55.56;20.91;1997-01-12;0.0;25.0;0.06;0.0;RCMF;;28;10;Saudi Arabia
102902;72.59;0.21;75.0;4.89;0.07;9.5;0.77;4.89;0.04;;2559;;0.88;179;5;400000;0.84;74.69;51.16;53;2.0;Ola John;16.0;Al Arabi;4.11;57;2.71;32.0;2.22;68.35;2.99;https://cdn5.wyscout.com/photos/team/public/g14072_120x120.png;14.17;22.86;;Division 1;83.07;0.67;0.11;['LBR', 'NLD'];2.71;5;right;29;1.51;22.44;3.76;0.0;29.12;0.53;0;0.32;1.16;5.7;0;22.22;49.67;0.25;0.0;1.37;0.88;0.35;1992-05-19;0.07;0.04;74.64;LBR;0.1;7.55;47.15;;https://cdn5.wyscout.com/photos/players/public/43699_100x130.png;61.68;0.25;25.88;False;Al Arabi;2;72;2.25;10.76;['LAMF', 'LW'];4.04;2.46;71.43;0;0.0;2;7.81;21.21;O. John;21.48;30;85.14;0.0;000000;84.62;2.25;0.0;3.66;1.9;0;0;0.0;0.07;0.0;1.48;7;LAMF;8.772;38.94;40.0;0.0;0.18;['Liberia', 'Netherlands'];;;;52.17;10.83;1992-05-19;0.18;29.82;0.27;2.08;LW;;33;0;Liberia
394702;61.04;0.67;73.33;3.2;0.0;6.85;0.18;2.49;0.27;LWF;2024;;0.4;180;2;375000;0.84;54.93;52.24;46;1.2;Ença Fati;22.22;Al Ain;5.87;27;1.56;22.22;1.02;56.94;1.25;https://cdn5.wyscout.com/photos/team/public/g37467_120x120.png;13.21;18.18;;Division 1;79.35;0.31;0.0;['GNB', 'PRT'];3.47;2;right;26;2.98;20.45;0.84;0.04;22.5;0.27;0;0.13;1.02;3.16;0;0.0;42.16;0.31;0.0;1.38;0.8;0.27;1993-08-11;0.09;0.0;74.7;GNB;0.15;3.82;42.42;;https://cdn5.wyscout.com/photos/players/public/g394702_100x130.png;42.11;0.04;17.86;False;Al Ain;2;72;2.06;8.23;['LW', 'CF', 'LWF'];1.91;0.98;14.29;0;0.0;1;3.07;17.16;Ença Fati;17.57;20;78.26;0.0;000000;92.42;2.98;0.07;1.73;1.25;0;0;0.0;0.04;0.0;1.38;1;LW;7.407;21.36;16.67;0.0;0.09;['Guinea-Bissau', 'Portugal'];;;2025-06-30;55.81;5.34;1993-08-11;0.09;33.33;0.17;2.13;CF;;31;19;Guinea-Bissau
135312;84.24;0.75;95.92;0.14;1.39;10.54;0.0;0.41;0.0;LCB;2655;;0.14;197;5;350000;0.17;56.82;68.83;60;0.75;Léo Lacroix;67.47;Al Jabalain;1.97;22;0.14;25.0;0.31;50.0;0.0;https://cdn5.wyscout.com/photos/team/public/g9286_120x120.png;6.75;0.0;;Division 1;94.21;0.07;0.0;['CHE', 'BRA'];4.13;5;right;25;2.61;31.05;2.24;0.07;33.29;0.0;0;0.0;0.17;1.49;0;0.0;38.46;0.0;0.0;0.0;2.81;0.0;1992-02-27;0.2;0.0;91.75;CHE;0.14;0.37;63.32;;https://cdn5.wyscout.com/photos/players/public/54874_100x130.png;57.58;0.0;0.0;False;Al Jabalain;6;85;6.52;0.44;['CB', 'RCB', 'LCB'];0.14;0.0;0.0;0;0.0;3;2.92;23.46;L. Lacroix;20.26;27;59.3;0.0;000000;93.1;5.93;0.11;0.0;0.14;0;0;0.41;0.1;0.0;4.07;0;CB;22.727;37.12;0.0;0.0;0.17;['Switzerland', 'Brazil'];;;2025-06-30;25.0;17.46;1992-02-27;0.17;45.45;0.01;1.19;RCB;;33;10;Switzerland
264227;54.63;0.62;75.32;1.16;0.53;9.6;0.71;1.69;0.36;CF;1012;;0.71;172;1;350000;0.53;45.45;62.16;39;0.89;João Pedro  Reis Amaral;14.29;Al Batin;5.07;10;0.98;25.0;1.33;46.15;1.96;https://cdn5.wyscout.com/photos/team/public/599_120x120.png;9.43;66.67;;Superliga;72.93;0.09;0.18;['PRT'];1.48;0;right;12;3.29;20.37;3.38;0.09;25.7;1.69;0;0.09;0.8;4.89;0;0.0;34.78;0.36;100.0;1.42;1.25;0.27;1991-09-07;0.0;0.0;68.17;PRT;0.13;1.67;40.57;;https://cdn5.wyscout.com/photos/players/public/g264227_100x130.png;57.89;0.27;36.36;False;Poli Iaşi;0;67;4.64;4.09;['AMF', 'RCMF3', 'CF'];3.29;0.27;25.0;1;0.0;0;5.42;16.9;J. Reis Amaral;20.14;16;73.77;0.0;0000FF;87.72;5.42;0.13;3.11;1.16;0;0;0.09;0.0;0.0;3.29;3;AMF;10.0;38.37;31.58;0.0;0.09;['Portugal'];;;2025-06-30;43.24;6.85;1991-09-07;0.0;40.0;0.15;0.71;RCMF3;;33;12;Portugal
437059;74.79;0.64;92.46;0.36;0.93;17.3;0.07;0.29;0.36;CB;1259;;0.36;185;1;350000;0.14;62.5;64.62;41;0.29;Halid Lwaliwa;53.13;Al Ain;1.72;4;1.29;0.0;1.14;40.0;0.14;https://cdn5.wyscout.com/photos/team/public/g37467_120x120.png;9.01;0.0;;Division 1;89.18;0.07;0.0;['UGA'];0.77;1;right;12;4.65;32.38;4.5;0.07;37.03;0.07;0;0.0;0.14;4.58;0;0.0;47.06;0.07;0.0;0.0;2.29;0.0;1998-08-19;0.0;0.0;84.56;UGA;0.06;0.0;54.76;;https://cdn5.wyscout.com/reports-img/photo-not-found.png;52.38;0.07;50.0;False;Al Ain;0;67;7.24;1.22;['LCB3', 'LCB', 'CB'];0.64;0.07;0.0;0;0.07;1;7.15;22.16;H. Lwaliwa;21.28;21;66.0;0.0;000000;100.0;8.58;0.09;0.0;0.0;0;1;1.0;0.07;0.0;5.5;1;LCB3;25.0;36.71;100.0;0.0;0.07;['Uganda'];;;2025-06-30;22.22;14.23;1998-08-19;0.07;25.0;0.0;0.5;LCB;;26;18;Uganda
328597;84.42;1.21;95.38;0.27;0.54;17.99;0.09;0.42;0.06;CB;2987;;0.24;185;2;350000;0.48;73.84;68.18;53;0.45;Philipe Maia de Freitas;63.69;Al Adalah;1.75;15;0.93;50.0;0.54;66.67;0.12;https://cdn5.wyscout.com/photos/team/public/g12557_120x120.png;13.2;0.0;;Division 1;94.23;0.18;0.0;['BRA'];1.6;2;right;29;5.3;34.98;5.03;0.15;40.13;0.12;0;0.0;0.18;5.18;0;0.0;53.49;0.03;0.0;0.0;5.06;0.0;1995-07-11;0.21;0.0;90.09;BRA;0.05;1.14;62.56;;https://cdn5.wyscout.com/photos/players/public/g328597_100x130.png;61.68;0.06;75.0;False;Al Adalah;7;78;6.23;1.3;['RCB3', 'RCB', 'CB'];0.39;0.0;100.0;0;0.0;1;7.83;26.67;Philipe Maia;21.05;30;77.69;0.0;000000;96.55;7.47;0.25;0.0;0.21;0;0;0.42;0.03;0.0;3.71;2;RCB3;13.333;40.05;75.0;0.0;0.06;['Brazil'];;;;53.85;16.3;1995-07-11;0.06;26.67;0.03;0.69;RCB;;29;13;Brazil
437664;73.39;0.34;94.7;0.19;1.06;14.69;0.19;0.49;0.0;;2371;;0.61;186;4;350000;0.11;64.12;69.23;76;0.65;Amine Atouchi;49.15;Al Adalah;1.48;17;0.23;43.75;0.23;60.0;0.42;https://cdn5.wyscout.com/photos/team/public/g12557_120x120.png;6.87;66.67;;Division 1;93.05;0.11;0.0;['MAR'];1.32;4;right;23;2.96;27.29;7.55;0.19;35.26;0.3;0;0.0;0.19;4.97;0;0.0;40.0;0.0;0.0;0.0;2.24;0.19;1992-07-01;0.11;0.08;85.36;MAR;0.05;1.28;58.01;;https://cdn5.wyscout.com/reports-img/photo-not-found.png;59.8;0.08;45.45;False;Al Adalah;3;78;5.88;0.76;['CB', 'LCB'];0.68;0.11;0.0;0;0.04;0;7.21;23.08;A. Atouchi;24.86;16;71.58;0.0;000000;100.0;5.81;0.31;0.04;0.23;0;1;0.57;0.0;0.0;3.57;2;CB;23.529;40.12;37.5;0.0;0.15;['Morocco'];;;;27.78;16.47;1992-07-01;0.15;29.41;0.05;0.84;LCB;;32;0;Morocco
356129;74.55;0.66;97.47;0.09;1.66;12.15;0.06;0.31;0.0;;2882;;0.28;195;4;350000;0.62;57.73;71.7;53;0.5;Fernando Piñero;68.15;Al Bukayriyah;2.03;16;0.44;33.33;0.34;0.0;0.06;https://cdn5.wyscout.com/photos/team/public/g-9478_120x120.png;9.74;100.0;;Division 1;92.84;0.06;0.03;['ARG'];3.01;4;right;29;3.31;28.79;3.65;0.06;32.51;0.03;0;0.0;0.03;3.03;0;0.0;30.77;0.0;0.0;0.0;4.22;0.03;1993-02-16;0.16;0.03;88.18;ARG;0.09;0.74;62.82;;https://cdn5.wyscout.com/photos/players/public/g356129_100x130.png;51.28;0.03;100.0;False;Al Bukayriyah;5;94;5.82;0.81;['RCB', 'CB'];0.19;0.03;0.0;0;0.03;3;5.37;21.24;F. Piñero;22.34;44;70.93;0.0;000000;95.38;6.37;0.09;0.0;0.09;0;1;0.34;0.09;0.0;3.93;1;RCB;25.0;37.56;100.0;0.0;0.12;['Argentina'];;;2025-06-30;0.0;16.05;1993-02-16;0.12;50.0;0.02;0.62;CB;;32;0;Argentina
111439;69.06;0.04;97.69;0.0;0.0;9.42;0.0;0.0;0.0;;2533;-2.0;0.18;188;0;350000;0.18;35.09;50.0;100;0.0;Marcelo Henrique Passos Carné;100.0;Al Jabalain;0.0;0;0.0;0.0;0.18;0.0;0.0;https://cdn5.wyscout.com/photos/team/public/g9286_120x120.png;0.64;0.0;1.31;Division 1;97.31;0.0;0.0;['BRA'];0.0;0;right;24;0.14;10.55;5.47;0.04;16.2;0.0;22;;0.0;2.03;70;;100.0;0.0;0.0;;0.39;0.0;1990-02-06;0.07;0.0;79.82;BRA;0.0;0.0;88.89;0.78;https://cdn5.wyscout.com/photos/players/public/40336_100x130.png;48.05;0.0;0.0;False;Al Jabalain;2;88;1.91;0.11;['GK'];0.25;0.0;0.0;0;0.04;0;3.91;10.16;Marcelo Carné;33.55;0;60.0;0.71;000000;0.0;1.31;0.06;0.0;0.0;11;1;0.0;0.0;20.0;1.21;0;GK;0.0;56.25;0.0;68.57;0.0;['Brazil'];0.39;-0.071;2025-06-30;0.0;6.15;1990-02-06;0.0;0.0;0.0;0.0;;2.49;35;0;Brazil
395830;61.07;0.81;69.46;4.35;0.0;7.57;0.81;4.45;0.41;AMF;3541;;0.84;175;19;350000;1.58;57.08;59.2;29;2.49;Alan Lima Carius;39.73;Al Adalah;4.3;98;2.44;24.24;1.73;54.39;3.3;https://cdn5.wyscout.com/photos/team/public/g12557_120x120.png;18.45;30.99;;Division 1;77.64;0.51;0.1;['BRA'];9.2;16;right;35;3.18;20.23;3.89;0.05;27.32;1.5;0;0.36;0.99;5.39;0;50.0;39.61;0.48;100.0;1.8;1.86;0.46;1997-04-04;0.03;0.05;69.12;BRA;0.23;9.08;43.11;;https://cdn5.wyscout.com/photos/players/public/g395830_100x130.png;57.52;0.13;29.23;False;Al Adalah;1;74;3.2;11.62;['LW', 'LWF', 'AMF'];3.43;1.8;36.84;3;0.0;2;5.16;20.18;Alan;22.23;12;81.28;0.0;000000;86.39;3.79;0.09;3.94;1.75;0;0;0.13;0.05;0.0;1.86;5;LW;19.388;39.57;27.12;0.0;0.48;['Brazil'];;;2025-07-05;42.96;11.23;1997-04-04;0.41;37.76;0.23;2.31;LWF;;28;10;Brazil
249731;74.14;0.48;94.39;0.11;1.27;10.74;0.03;0.19;0.0;RCB;3402;;0.26;184;3;325000;0.21;57.69;64.34;44;0.37;Thibaut Peyre;63.2;Al Batin;1.48;14;0.08;40.0;0.08;25.0;0.05;https://cdn5.wyscout.com/photos/team/public/4095_120x120.png;8.15;0.0;;Division 1;90.66;0.05;0.0;['FRA'];3.34;3;right;32;3.41;20.11;3.49;0.26;23.65;0.05;0;0.0;0.24;2.75;0;0.0;60.0;0.0;0.0;0.0;3.31;0.0;1992-10-03;0.08;0.0;84.45;FRA;0.09;0.74;62.99;;https://cdn5.wyscout.com/photos/players/public/g249731_100x130.png;50.0;0.0;0.0;False;Al Batin;3;75;6.53;0.26;['LCB', 'CB', 'RCB'];0.34;0.0;0.0;0;0.0;2;4.68;12.88;T. Peyre;22.4;28;67.23;0.0;000000;98.21;7.2;0.36;0.0;0.11;0;0;0.58;0.05;0.0;4.74;0;LCB;21.429;36.91;0.0;0.0;0.08;['France'];;;2025-06-30;30.77;9.89;1992-10-03;0.08;42.86;0.02;0.5;CB;;32;24;France
418349;69.95;0.54;88.14;2.1;0.76;13.89;0.64;2.58;0.13;AMF;2826;;1.31;172;12;325000;1.53;66.54;61.03;22;0.89;Leonardo Costa Silva;31.58;Al Najma;5.51;28;1.46;41.46;0.89;51.52;1.62;https://cdn5.wyscout.com/photos/team/public/g12554_120x120.png;13.73;23.53;;Division 1;87.0;0.48;0.13;['BRA'];9.79;5;right;28;4.33;32.32;3.54;0.1;37.45;1.05;0;0.03;1.4;8.38;0;0.0;43.64;0.83;87.5;0.8;0.61;0.16;1995-04-20;0.1;0.1;81.29;BRA;0.31;6.5;47.1;;https://cdn5.wyscout.com/photos/players/public/g418349_100x130.png;46.85;0.19;41.18;False;Al Najma;3;62;5.8;7.52;['LCMF', 'LDMF', 'AMF'];3.41;0.54;46.15;8;0.03;0;6.78;28.03;Léo Tilica;19.47;21;87.32;0.0;000000;95.95;6.02;0.17;2.2;1.34;0;1;0.16;0.0;0.0;3.28;6;LCMF;42.857;33.83;48.48;0.0;0.38;['Brazil'];;;2025-06-30;51.4;13.15;1995-04-20;0.16;50.0;0.21;1.66;LDMF;;30;15;Brazil
373023;79.25;0.15;95.06;0.0;0.0;8.15;0.0;0.0;0.0;;1170;-1.77;0.08;192;0;325000;0.23;55.56;33.33;100;0.0;Vladimir Stojkovic;100.0;Al Faisaly;0.08;0;0.0;0.0;0.31;0.0;0.0;;0.54;0.0;1.31;;97.9;0.0;0.0;['PRT', 'SER'];0.0;0;right;11;0.23;11.0;4.08;0.08;15.08;0.0;14;;0.0;0.69;36;;0.0;0.0;0.0;;0.31;0.0;1996-10-04;0.08;0.08;85.71;PRT;0.0;0.0;71.43;1.08;https://cdn5.wyscout.com/photos/players/public/g373023_100x130.png;52.83;0.0;0.0;False;;1;84;2.79;0.0;['GK'];0.08;0.0;0.0;0;0.08;0;3.15;7.77;V. Stojkovic;29.34;0;56.1;0.94;;0.0;1.77;0.13;0.0;0.0;1;1;0.0;0.0;12.23;1.62;0;GK;0.0;48.27;0.0;61.11;0.0;['Portugal', 'Serbia'];0.31;-0.136;;0.0;6.23;1996-10-04;0.0;0.0;0.0;0.0;;2.77;28;0;Portugal
-94640;93.33;0.89;83.87;8.59;0.0;4.44;1.48;7.4;0.89;;304;;0.0;184;1;300000;0.89;100.0;80.0;67;2.37;Jae Dambelley Sidibeh;0.0;Al Najma;4.74;8;3.55;0.0;1.78;58.62;3.85;https://cdn5.wyscout.com/photos/team/public/g12555_120x120.png;19.54;45.45;;;88.73;0.3;0.0;['ESP', 'GAM'];0.43;1;right;3;2.96;21.02;0.3;0.0;25.16;0.59;0;0.0;2.66;1.48;0;0.0;41.86;0.0;0.0;0.0;1.18;0.89;1993-08-21;0.0;0.0;81.18;ESP;0.13;0.34;46.97;;https://cdn5.wyscout.com/reports-img/photo-not-found.png;100.0;0.0;38.46;False;Al Draih;0;0;2.5;12.73;['LW', 'LAMF'];3.26;3.26;0.0;0;0.0;0;3.26;19.24;Jae Dambelley;18.76;32;81.82;0.0;000000;93.75;3.85;0.0;0.0;0.89;0;0;0.0;0.0;0.0;1.48;0;LW;12.5;11.11;0.0;0.0;0.3;['Spain', 'Gambia'];;;;72.73;9.18;1993-08-21;0.3;37.5;0.1;5.92;LAMF;;31;0;Spain
-118339;75.76;0.56;89.8;0.56;0.0;9.2;0.0;0.28;0.0;RCMF3;323;;0.0;188;0;300000;0.84;76.47;62.5;64;1.39;Daouda Toure;15.38;Al Safa;4.18;5;0.56;0.0;0.0;50.0;0.28;https://cdn5.wyscout.com/photos/team/public/g20206_120x120.png;9.2;0.0;;Division 1;88.3;0.0;0.0;['MLI'];0.34;0;;3;2.23;26.19;3.34;0.0;29.81;0.28;0;0.0;0.0;4.74;0;0.0;44.44;0.0;0.0;0.0;3.62;0.0;2000-04-30;0.0;0.0;85.98;MLI;0.09;0.0;36.36;;https://cdn5.wyscout.com/reports-img/photo-not-found.png;75.0;0.0;0.0;False;Al Safa;0;0;3.75;2.51;['RDMF', 'RCMF', 'RCMF3'];0.28;0.0;0.0;0;0.0;0;4.46;19.5;D. Toure;21.03;20;81.25;0.0;000000;93.33;3.9;0.0;0.0;0.0;0;0;0.28;0.0;0.0;2.51;0;RDMF;0.0;43.17;0.0;0.0;0.0;['Mali'];;;;0.0;13.65;2000-04-30;0.0;0.0;0.0;1.11;RCMF;;24;15;Mali
233042;67.57;0.86;85.71;0.29;0.86;10.57;0.0;0.86;0.0;LDMF;315;;0.57;186;0;300000;0.29;50.0;50.0;31;0.57;Zakaria Sami Al Sudani;57.14;Abha;3.43;2;0.0;0.0;0.29;100.0;0.29;https://cdn5.wyscout.com/photos/team/public/3377_120x120.png;8.29;100.0;;Division 1;81.69;0.0;0.0;['KSA'];0.03;0;right;5;4.57;20.29;2.0;0.0;22.57;0.0;0;0.0;0.29;3.43;0;0.0;33.33;0.29;0.0;0.0;2.0;0.0;1992-07-27;0.57;0.0;78.48;KSA;0.01;0.0;51.72;;https://cdn5.wyscout.com/photos/players/public/g233042_100x130.png;42.86;0.0;100.0;False;Abha;2;80;3.38;0.86;['RCB', 'DMF', 'LDMF'];0.86;0.29;0.0;0;0.0;0;3.43;17.71;Zakaria Sami;20.03;30;58.33;0.0;000000;91.67;4.86;0.0;0.0;0.0;0;0;0.0;0.0;0.0;2.57;0;RCB;0.0;9.17;0.0;0.0;0.0;['Saudi Arabia'];;;;33.33;6.0;1992-07-27;0.0;50.0;0.0;0.29;DMF;;32;17;Saudi Arabia
-70953;46.55;1.53;79.52;1.02;0.05;2.68;0.05;1.62;0.0;;1946;;0.18;187;8;300000;0.83;70.97;52.63;100;2.31;Anthony Okpotu;32.2;Al Adalah;3.98;50;0.28;50.0;1.39;50.0;0.37;https://cdn5.wyscout.com/photos/team/public/g12557_120x120.png;15.82;66.67;;Division 1;76.68;0.28;0.05;['NGA'];11.7;6;right;24;2.64;11.7;1.06;0.18;13.04;0.23;0;0.0;0.6;1.43;0;0.0;31.43;0.23;100.0;0.0;5.46;0.05;1994-03-05;0.18;0.0;74.47;NGA;0.54;1.43;35.38;;https://cdn5.wyscout.com/photos/players/public/g-70953_100x130.png;60.87;0.05;37.5;False;Al Adalah;4;80;2.21;4.86;['CF'];0.97;0.14;60.0;2;0.0;1;1.29;8.6;A. Okpotu;17.64;0;75.0;0.0;000000;90.7;2.91;0.31;0.0;0.37;0;0;0.05;0.05;0.0;1.34;1;CF;16.0;22.51;20.0;0.0;0.37;['Nigeria'];;;;42.86;3.84;1994-03-05;0.28;36.0;0.07;4.16;;;31;0;Nigeria
218551;78.38;0.6;94.66;0.99;0.69;13.46;0.07;0.73;0.1;LCMF;2721;;0.63;178;0;300000;0.93;73.66;65.41;56;0.3;Leandro Cordeiro de Lima Silva;56.76;Al Jandal;4.07;9;1.09;36.84;0.53;46.67;0.23;https://cdn5.wyscout.com/photos/team/public/g-19214_120x120.png;10.92;33.33;;Division 1;91.21;0.1;0.03;['BRA'];0.45;0;right;27;4.4;32.35;3.61;0.07;36.12;0.1;0;0.0;0.43;6.78;0;0.0;49.14;0.13;0.0;0.0;1.22;0.03;1993-09-25;0.13;0.03;87.55;BRA;0.01;0.97;56.67;;https://cdn5.wyscout.com/photos/players/public/77561_100x130.png;57.8;0.0;28.57;False;Al Jandal;4;70;4.44;3.84;['RDMF', 'RCMF', 'LCMF'];1.03;0.1;50.0;0;0.0;0;6.48;25.63;Leandrinho;20.07;13;78.57;0.0;000000;94.31;6.22;0.09;0.0;0.17;0;0;0.03;0.0;0.0;3.27;0;RDMF;0.0;39.67;33.33;0.0;0.0;['Brazil'];;;;51.61;14.26;1993-09-25;0.0;44.44;0.03;0.2;RCMF;;31;12;Brazil
335510;59.46;1.27;79.07;0.99;0.0;1.74;0.05;1.13;0.05;;1918;;0.09;181;3;300000;1.13;53.85;52.94;100;1.55;Karim Sadat;29.52;Al Zulfi;4.5;33;0.38;0.0;1.6;61.9;0.42;https://cdn5.wyscout.com/photos/team/public/g25430_120x120.png;17.64;20.0;;Division 1;80.62;0.19;0.0;['GHA'];5.88;3;both;24;1.6;12.11;0.8;0.0;13.23;0.19;0;0.0;0.38;0.61;0;0.0;29.52;0.05;0.0;0.0;4.93;0.05;1991-10-24;0.14;0.0;77.3;GHA;0.28;0.8;31.65;;https://cdn5.wyscout.com/photos/players/public/g335510_100x130.png;58.82;0.09;11.11;False;Al Zulfi;3;78;2.12;7.79;['CF'];0.7;0.23;0.0;0;0.05;1;0.94;7.27;K. Sadat;16.07;0;55.0;0.0;000000;90.63;2.3;0.0;0.0;0.52;0;1;0.09;0.05;0.0;1.45;2;CF;9.091;17.51;0.0;0.0;0.14;['Ghana'];;;2025-06-30;53.33;4.04;1991-10-24;0.14;30.3;0.04;2.63;;;33;0;Ghana
280980;74.19;0.0;98.01;0.0;0.0;11.98;0.0;0.0;0.0;;3462;1.78;0.18;185;0;300000;0.23;46.61;66.67;100;0.0;Max Walef Araújo da Silva;93.75;Al Najma;0.0;0;0.0;14.29;0.26;0.0;0.0;https://cdn5.wyscout.com/photos/team/public/g12554_120x120.png;0.62;0.0;1.04;Division 1;98.78;0.0;0.0;['BRA'];0.0;0;right;32;0.08;19.21;8.01;0.0;27.35;0.0;30;;0.0;3.07;112;;100.0;0.0;0.0;;0.42;0.0;1993-10-23;0.13;0.0;87.17;BRA;0.0;0.55;87.5;0.78;https://cdn5.wyscout.com/photos/players/public/g280980_100x130.png;60.71;0.0;0.0;False;Al Najma;5;84;2.27;0.08;['GK'];0.23;0.0;0.0;0;0.0;0;5.64;19.11;Max Walef;31.44;0;71.89;0.83;000000;0.0;1.38;0.0;0.0;0.03;13;0;0.0;0.0;31.78;1.33;0;GK;0.0;51.63;0.0;73.21;0.0;['Brazil'];0.42;0.046;2025-06-30;0.0;14.38;1993-10-23;0.0;0.0;0.01;0.0;;2.91;31;0;Brazil
179301;66.03;0.06;96.82;0.03;0.0;7.37;0.0;0.03;0.0;;3198;1.45;0.08;190;0;275000;0.31;37.7;42.86;100;0.0;Rafael Martins Claro dos Santos;80.0;Al Jubail;0.0;0;0.0;0.0;0.17;100.0;0.0;https://cdn5.wyscout.com/photos/team/public/g39927_120x120.png;1.07;0.0;1.6;Division 1;97.73;0.0;0.0;['BRA'];0.0;0;right;30;0.2;7.43;4.67;0.08;12.21;0.0;38;;0.0;1.72;125;;100.0;0.0;0.0;;0.42;0.0;1991-11-29;0.06;0.0;77.88;BRA;0.0;0.0;76.32;1.07;https://cdn5.wyscout.com/photos/players/public/48271_100x130.png;48.19;0.0;0.0;False;Al Jubail;2;82;2.43;0.14;['GK'];0.17;0.0;0.0;0;0.03;0;3.29;7.04;Rafael Martins;34.61;0;59.83;1.11;000000;0.0;1.8;0.13;0.0;0.0;6;1;0.0;0.0;39.45;1.63;0;GK;0.0;51.89;0.0;69.6;0.0;['Brazil'];0.42;0.041;2025-06-30;0.0;4.42;1991-11-29;0.0;0.0;0.0;0.0;;3.52;33;0;Brazil
414809;76.32;1.48;97.06;0.49;0.33;18.69;0.0;1.15;0.16;AMF;549;;1.48;184;0;275000;0.98;77.19;63.64;39;0.66;Riyadh  Sharahili;50.0; NEOM;4.43;4;1.31;66.67;0.49;100.0;0.0;https://cdn5.wyscout.com/photos/team/public/g16976_120x120.png;13.93;0.0;;Division 1;91.29;0.16;0.0;['KSA'];0.59;0;right;14;5.41;47.05;5.9;0.49;52.95;0.0;0;0.0;1.15;9.34;0;0.0;41.38;0.66;0.0;0.0;1.31;0.0;1993-04-28;0.16;0.0;88.24;KSA;0.1;0.75;50.59;;https://cdn5.wyscout.com/photos/players/public/g414809_100x130.png;63.89;0.0;0.0;False; NEOM;1;78;4.62;4.75;['LCMF', 'LDMF', 'AMF'];2.3;0.0;50.0;0;0.0;0;8.85;40.82;Riyadh Sharahili;17.5;23;85.19;0.0;000000;92.59;5.9;1.15;0.0;0.98;0;0;0.16;0.0;0.0;1.97;0;LCMF;0.0;22.81;0.0;0.0;0.0;['Saudi Arabia'];;;2026-06-30;50.0;22.3;1993-04-28;0.0;50.0;0.12;0.66;LDMF;;32;22;Saudi Arabia
498318;71.69;0.8;93.2;1.15;0.66;15.23;0.21;1.15;0.17;DMF;2588;;1.01;181;2;275000;0.94;65.84;68.25;24;0.9;Medwin Biteghé;52.38;Jeddah;9.01;26;1.25;34.48;0.38;42.42;0.59;https://cdn5.wyscout.com/photos/team/public/3114_120x120.png;13.32;25.0;;Division 1;90.67;0.31;0.1;['GAB'];2.66;0;right;24;4.38;45.87;5.08;0.0;51.5;0.28;0;0.1;0.45;8.45;0;33.33;41.14;0.35;100.0;0.28;1.46;0.1;1996-09-01;0.14;0.03;86.43;GAB;0.09;2.31;53.52;;https://cdn5.wyscout.com/reports-img/photo-not-found.png;54.11;0.14;35.29;False;Jeddah;4;75;5.14;6.09;['LCMF', 'RCMF', 'DMF'];1.81;0.28;60.0;2;0.0;0;7.79;38.01;M. Biteghé;19.14;22;75.89;0.0;000000;96.14;6.19;0.0;0.21;0.77;0;0;0.1;0.0;0.0;3.2;4;LCMF;7.692;41.29;50.0;0.0;0.07;['Gabon'];;;;36.54;19.44;1996-09-01;0.0;26.92;0.08;0.45;RCMF;;28;12;Gabon
494008;45.31;1.93;69.14;4.07;0.0;4.74;0.59;3.19;0.3;CF;1215;;0.44;0;2;250000;0.74;46.15;52.38;33;1.48;Ibrahim Tomiwa Gbadamosi;25.81;Al Batin;4.22;20;1.41;16.67;1.7;52.73;1.85;;19.85;42.86;;;69.08;0.44;0.0;['NGA'];2.38;1;right;14;4.67;15.33;1.56;0.15;18.52;1.33;0;0.07;0.37;1.93;0;0.0;44.44;0.3;100.0;0.07;2.3;0.07;1998-05-10;0.15;0.0;64.0;NGA;0.18;1.18;43.28;;https://cdn5.wyscout.com/reports-img/photo-not-found.png;47.62;0.15;32.0;False;;2;0;2.57;10.67;['RW', 'AMF', 'CF'];1.56;0.52;25.0;1;0.0;0;3.33;10.37;Ibrahim;19.58;14;68.89;0.0;;84.21;4.52;0.2;0.0;0.52;0;0;0.0;0.0;0.0;1.93;2;RW;10.0;41.42;27.78;0.0;0.15;['Nigeria'];;;;28.57;6.0;1998-05-10;0.07;25.0;0.09;2.22;AMF;;26;11;Nigeria
-99283;71.58;1.08;92.05;0.45;0.97;10.88;0.15;0.41;0.0;LDMF;2416;;1.08;185;0;250000;1.04;63.69;59.76;29;0.34;Jaber Issa Mohammed Mustafa;57.89;Al Faisaly;5.96;9;0.15;34.48;0.26;41.67;0.3;https://cdn5.wyscout.com/photos/team/public/2993_120x120.png;12.03;0.0;;Division 1;91.14;0.04;0.0;['KSA'];0.18;0;right;29;6.11;30.7;4.81;1.01;35.8;0.22;0;0.0;0.26;5.85;0;0.0;43.53;0.11;0.0;0.04;1.42;0.07;1997-06-07;0.45;0.04;85.74;KSA;0.01;0.33;55.11;;https://cdn5.wyscout.com/reports-img/photo-not-found.png;54.26;0.04;37.5;False;Al Faisaly;12;75;5.57;3.17;['DMF', 'LCMF', 'LDMF'];1.27;0.04;33.33;0;0.0;0;6.18;26.49;J. Issa;20.26;24;74.7;0.0;800000;96.88;8.05;1.65;0.0;0.26;0;0;0.26;0.0;0.0;3.39;1;DMF;0.0;37.55;33.33;0.0;0.0;['Saudi Arabia'];;;;32.35;13.6;1997-06-07;0.0;22.22;0.01;0.37;LCMF;;28;16;Saudi Arabia
218205;54.84;0.63;77.97;1.17;0.0;2.43;0.39;1.33;0.08;;1150;;0.08;185;2;250000;0.7;61.54;59.26;100;1.41;Alexandre Xavier  Pereira Garcia Guedes;34.92;Al Faisaly;3.76;18;0.47;0.0;1.88;26.67;1.33;https://cdn5.wyscout.com/photos/team/public/162_120x120.png;13.77;37.5;;Segunda Liga;82.17;0.47;0.08;['PRT'];3.66;1;right;14;2.11;12.29;0.39;0.08;13.85;0.7;0;0.0;0.31;1.02;0;0.0;19.7;0.08;50.0;0.0;4.93;0.08;1994-02-11;0.0;0.0;76.84;PRT;0.29;0.51;32.39;;https://cdn5.wyscout.com/photos/players/public/g218205_100x130.png;40.0;0.08;29.41;False;Marítimo;0;79;2.04;5.17;['CF'];0.47;0.63;0.0;2;0.0;0;1.17;11.11;Alexandre Guedes;16.53;0;60.0;0.0;2c533d;95.83;2.5;0.14;0.0;0.39;0;0;0.08;0.0;0.0;1.17;1;CF;11.111;6.75;22.22;0.0;0.16;['Portugal'];;;;33.33;4.62;1994-02-11;0.08;44.44;0.04;2.82;;;31;0;Portugal
506645;40.0;0.55;81.25;0.55;0.0;2.76;0.0;0.28;0.0;;326;;0.0;178;1;250000;0.83;14.29;0.0;100;0.83;Walead Al-Shangeati;33.33;Al Batin;3.31;3;0.28;0.0;1.38;0.0;0.0;https://cdn5.wyscout.com/photos/team/public/4095_120x120.png;11.87;0.0;;Division 1;74.0;0.28;0.0;['KSA'];0.39;1;right;6;1.1;13.8;0.28;0.28;14.08;0.0;0;0.0;0.28;1.93;0;0.0;11.76;0.0;0.0;0.0;3.31;0.0;1994-01-09;0.0;0.0;72.55;KSA;0.11;0.3;20.93;;https://cdn5.wyscout.com/reports-img/photo-not-found.png;0.0;0.0;0.0;False;Al Batin;0;0;2.25;4.69;['CF'];1.1;0.0;0.0;0;0.0;0;0.83;9.39;W. Al-Shanqiti;13.9;0;33.33;0.0;000000;91.67;1.93;0.38;0.0;0.28;0;0;0.0;0.0;0.0;1.66;0;CF;33.333;7.14;0.0;0.0;0.28;['Saudi Arabia'];;;2026-06-30;0.0;4.42;1994-01-09;0.28;33.33;0.08;1.1;;;31;0;Saudi Arabia
465260;50.0;0.58;71.07;1.77;0.17;3.06;0.2;1.9;0.14;;2649;;0.27;175;8;250000;0.44;56.86;73.68;95;1.66;Chisom Egbuchulam;18.92;Al Jandal;4.79;49;0.65;37.5;2.34;51.92;1.39;https://cdn5.wyscout.com/photos/team/public/g-19214_120x120.png;14.51;36.36;;Division 1;76.42;0.27;0.0;['NGA'];9.55;7;right;30;1.29;14.41;1.36;0.0;16.99;1.02;0;0.0;0.61;1.73;0;0.0;31.61;0.17;100.0;0.0;5.03;0.1;1992-02-22;0.03;0.0;70.4;NGA;0.32;1.57;30.91;;https://cdn5.wyscout.com/photos/players/public/g465260_100x130.png;52.5;0.03;21.95;False;Al Jandal;1;75;0.94;6.56;['CF'];1.7;0.37;60.0;1;0.03;1;1.87;11.48;C. Egbuchulam;17.42;0;74.55;0.0;000000;87.94;1.6;0.0;0.0;0.58;0;1;0.07;0.03;0.0;0.65;1;CF;16.327;22.48;16.67;0.0;0.27;['Nigeria'];;;2025-06-30;32.0;5.4;1992-02-22;0.24;34.69;0.05;3.06;;;33;0;Nigeria
326544;74.72;0.56;95.82;0.06;1.45;15.75;0.06;0.18;0.03;;3051;;0.44;192;1;250000;0.21;55.48;77.42;93;0.27;Erhun Obanor;58.57;Al Zulfi;1.89;9;0.41;26.67;0.27;100.0;0.18;https://cdn5.wyscout.com/photos/team/public/g25430_120x120.png;7.96;33.33;;Division 1;93.83;0.09;0.0;['NGA'];0.49;1;left;29;3.66;27.26;5.49;0.03;32.92;0.0;0;0.03;0.21;4.31;0;0.0;38.24;0.06;0.0;0.03;2.06;0.0;1995-09-05;0.09;0.03;85.48;NGA;0.01;0.5;64.07;;https://cdn5.wyscout.com/photos/players/public/g326544_100x130.png;45.7;0.0;33.33;False;Al Zulfi;3;86;4.85;1.0;['LCB'];0.77;0.18;0.0;0;0.03;1;6.78;22.54;E. Obanor;24.32;0;73.91;0.0;000000;95.31;6.17;0.04;0.0;0.15;0;1;0.38;0.03;0.0;3.3;0;LCB;11.111;42.46;0.0;0.0;0.03;['Nigeria'];;;;30.77;13.42;1995-09-05;0.03;22.22;0.01;0.35;;;29;0;Nigeria
171967;67.67;0.54;75.92;3.3;0.32;9.53;1.07;3.73;0.32;AMF;2512;;0.97;167;7;250000;1.04;74.26;73.17;30;1.4;Kaká  Mendes;21.21;Al Jabalain;6.95;39;1.86;29.63;1.93;58.7;3.55;https://cdn5.wyscout.com/photos/team/public/g9286_120x120.png;14.47;20.97;;Division 1;87.04;0.5;0.07;['BRA'];3.22;7;left;27;4.41;28.48;3.58;0.18;35.36;1.29;0;0.04;1.43;4.87;0;0.0;44.86;0.36;0.0;0.5;1.18;0.68;1993-03-16;0.07;0.04;77.91;BRA;0.12;3.75;50.74;;https://cdn5.wyscout.com/photos/players/public/g171967_100x130.png;53.0;0.11;27.27;False;Al Jabalain;2;57;3.62;7.67;['CF', 'LW', 'AMF'];4.51;2.22;40.0;0;0.0;0;5.59;26.55;K. Mendes;18.76;15;79.49;0.0;000000;96.39;5.7;0.28;1.97;1.33;0;0;0.0;0.0;0.0;2.29;3;CF;17.949;33.74;36.11;0.0;0.25;['Brazil'];;;2025-06-30;39.68;12.65;1993-03-16;0.25;48.72;0.13;2.47;LW;;32;15;Brazil
161774;63.64;0.0;83.33;0.32;1.61;17.74;0.65;1.29;0.0;;279;;1.29;173;1;225000;0.97;62.22;100.0;66;0.97;Leandro Miguel Pereira Da Silva;25.0;Al Jandal;9.35;3;1.61;25.0;0.97;100.0;1.61;https://cdn5.wyscout.com/photos/team/public/168_120x120.png;8.71;0.0;;Liga 3;85.71;0.32;0.0;['PRT'];0.29;1;right;3;3.55;40.65;8.06;0.32;50.0;1.29;0;0.0;0.65;14.52;0;0.0;50.0;0.0;0.0;0.65;1.29;0.0;1994-05-04;0.0;0.0;77.42;PRT;0.09;0.01;66.67;;https://cdn5.wyscout.com/photos/players/public/g161774_100x130.png;40.0;0.0;40.0;False;Académica;0;70;6.84;2.58;['RCMF', 'DMF'];2.26;0.32;0.0;0;0.0;0;10.0;39.03;Leandro Silva;21.87;33;64.52;0.0;000000;96.55;8.06;0.53;1.29;0.65;0;0;0.0;0.0;0.0;4.19;0;RCMF;33.333;40.86;50.0;0.0;0.32;['Portugal'];;;2025-06-30;28.57;17.42;1994-05-04;0.32;33.33;0.0;0.65;DMF;;31;0;Portugal
282351;81.58;1.54;86.49;3.67;0.06;4.68;0.25;2.86;0.4;CF;2922;;0.4;169;10;225000;2.03;72.5;55.63;30;1.17;Diego Miranda;27.94;Al Zulfi;7.39;38;1.82;53.85;1.29;52.1;1.14;https://cdn5.wyscout.com/photos/team/public/g25430_120x120.png;21.41;18.18;;Division 1;88.04;0.22;0.0;['BRA'];4.45;9;left;28;4.65;24.46;1.48;0.06;27.04;0.8;0;0.03;0.59;2.46;0;100.0;38.75;0.25;100.0;0.25;2.09;0.12;1991-07-07;0.18;0.0;83.83;BRA;0.14;2.16;40.86;;https://cdn5.wyscout.com/photos/players/public/g282351_100x130.png;64.58;0.03;18.92;False;Al Zulfi;6;67;2.39;12.32;['RW', 'RAMF', 'CF'];1.51;0.34;62.5;1;0.0;0;3.02;18.57;Diego Miranda;17.54;28;79.59;0.0;000000;90.42;4.22;0.09;1.51;0.77;0;0;0.0;0.0;0.0;1.57;1;RW;26.316;30.35;19.23;0.0;0.31;['Brazil'];;;;42.86;9.12;1991-07-07;0.28;50.0;0.07;1.66;RAMF;;33;19;Brazil
327605;67.04;0.39;74.68;0.92;0.31;11.68;1.44;2.06;0.13;;2057;;0.48;177;0;200000;1.31;60.66;59.62;62;0.13;Yaseen Omar Barnawi;58.82;Al Faisaly;4.03;3;0.66;54.55;2.28;61.9;3.46;https://cdn5.wyscout.com/photos/team/public/2993_120x120.png;11.73;0.0;;Division 1;83.9;0.74;0.0;['KSA'];0.37;0;right;22;4.55;23.36;4.68;0.31;31.33;3.46;0;0.0;0.18;5.34;0;0.0;44.94;0.09;0.0;0.0;1.49;0.53;1993-10-01;0.18;0.0;74.86;KSA;0.02;2.36;53.73;;https://cdn5.wyscout.com/reports-img/photo-not-found.png;54.21;0.22;40.51;False;Al Faisaly;4;73;5.63;3.89;['RB', 'RB5'];3.46;0.0;0.0;0;0.0;0;8.93;22.75;Yaseen Barnawi;20.44;27;78.92;0.0;800000;94.57;6.34;0.52;0.0;1.01;0;0;0.31;0.0;0.0;3.33;5;RB;0.0;37.45;40.51;0.0;0.0;['Saudi Arabia'];;;;43.04;10.37;1993-10-01;0.0;66.67;0.1;0.35;RB5;;31;0;Saudi Arabia
126344;76.1;0.02;95.35;0.0;0.0;11.13;0.0;0.0;0.0;;3688;-7.44;0.27;190;0;200000;0.07;47.42;33.33;100;0.0;Ibrahim Zaied;85.71;Al Hazem;0.02;0;0.0;54.55;0.07;0.0;0.0;https://cdn5.wyscout.com/photos/team/public/2801_120x120.png;0.73;0.0;1.42;Division 1;96.3;0.02;0.0;['KSA'];0.0;0;right;35;0.15;11.2;6.61;0.0;17.89;0.0;41;;0.07;2.37;133;;100.0;0.0;0.0;;0.51;0.0;1990-01-22;0.02;0.0;82.95;KSA;0.0;0.0;76.67;1.0;https://cdn5.wyscout.com/photos/players/public/g126344_100x130.png;61.25;0.0;0.0;False;Al Hazem;1;87;2.54;0.02;['GK'];0.46;0.0;0.0;0;0.0;0;4.86;9.79;Ibrahim Zaid;33.39;0;73.87;0.82;000000;100.0;1.73;0.0;0.0;0.0;8;0;0.0;0.0;33.56;1.68;0;GK;0.0;51.0;0.0;69.17;0.0;['Saudi Arabia'];0.51;-0.182;2025-06-30;26.32;6.3;1990-01-22;0.0;0.0;0.0;0.0;;3.25;35;0;Saudi Arabia
-76084;67.77;0.4;91.13;0.08;1.35;13.23;0.0;0.12;0.08;;2259;;0.4;0;0;200000;0.12;50.0;66.2;84;0.16;Faisal Mohammed Darsi;48.21;Al Jandal;1.91;4;0.32;20.0;0.36;50.0;0.12;https://cdn5.wyscout.com/photos/team/public/g-19214_120x120.png;6.89;0.0;;Division 1;91.68;0.08;0.0;['KSA'];0.31;0;left;22;2.83;22.51;6.77;0.56;29.36;0.0;0;0.0;0.2;4.94;0;0.0;31.58;0.0;0.0;0.0;2.23;0.0;1997-02-11;0.12;0.0;80.33;KSA;0.01;0.15;55.49;;https://cdn5.wyscout.com/reports-img/photo-not-found.png;43.53;0.04;0.0;False;Al Jandal;3;0;3.01;0.76;['LCB', 'LCB3'];0.88;0.12;0.0;0;0.0;0;6.29;19.92;Faisal Mohammed Darsi;24.28;10;65.82;0.0;000000;95.83;4.62;0.77;0.0;0.08;0;0;0.12;0.0;0.0;2.19;1;LCB;0.0;45.17;0.0;0.0;0.0;['Saudi Arabia'];;;;27.27;11.24;1997-02-11;0.0;50.0;0.01;0.24;LCB3;;28;0;Saudi Arabia
206451;69.09;0.0;98.83;0.03;0.0;10.16;0.0;0.03;0.0;;3411;-4.15;0.11;191;0;200000;0.08;39.56;80.0;100;0.0;Emanuel Rodrigues Novo;83.33;Al Jandal;0.0;0;0.0;50.0;0.21;100.0;0.0;https://cdn5.wyscout.com/photos/team/public/g-19214_120x120.png;0.66;0.0;1.56;Division 1;97.9;0.0;0.0;['PRT'];0.0;0;left;32;0.13;12.59;6.97;0.03;19.66;0.0;40;;0.03;2.4;112;;50.0;0.0;0.0;;0.32;0.0;1992-08-26;0.03;0.0;82.95;PRT;0.0;0.0;80.0;1.06;https://cdn5.wyscout.com/photos/players/public/g206451_100x130.png;57.2;0.0;0.0;False;Al Jandal;1;83;2.81;0.11;['GK'];0.16;0.0;0.0;0;0.0;0;4.35;12.03;Emanuel Novo;33.69;0;67.88;0.95;000000;0.0;2.14;0.04;0.0;0.0;9;0;0.0;0.0;35.85;2.01;0;GK;0.0;50.44;0.0;64.29;0.0;['Portugal'];0.32;-0.109;;16.67;9.0;1992-08-26;0.0;0.0;0.0;0.0;;2.96;32;0;Portugal
394201;72.73;1.76;69.23;1.92;0.0;5.28;0.0;1.6;0.0;LW;562;;0.32;0;0;200000;1.44;27.27;60.0;37;1.12;Godspower Aniefiok;33.33;Abha;4.48;7;0.48;0.0;2.72;66.67;0.64;https://cdn5.wyscout.com/photos/team/public/3377_120x120.png;16.33;33.33;;Division 1;83.17;0.32;0.0;['NGA'];0.59;0;;10;4.0;16.17;0.64;0.0;17.46;0.16;0;0.0;0.32;1.76;0;0.0;38.89;0.32;0.0;0.0;4.32;0.0;1997-01-27;0.48;0.0;78.9;NGA;0.09;0.15;39.22;;https://cdn5.wyscout.com/reports-img/photo-not-found.png;25.0;0.0;25.0;False;Abha;3;0;1.76;5.77;['AMF', 'LCMF3', 'LW'];0.8;0.48;0.0;0;0.0;0;1.28;12.33;G. Aniefiok;13.94;16;87.5;0.0;000000;92.86;3.68;0.0;0.32;0.32;0;0;0.0;0.0;0.0;1.28;0;AMF;0.0;12.78;0.0;0.0;0.0;['Nigeria'];;;2025-06-30;60.0;4.16;1997-01-27;0.0;14.29;0.02;1.6;LCMF3;;28;16;Nigeria
229970;74.18;0.3;91.99;1.08;2.29;17.33;0.54;1.64;0.08;;3340;;0.57;185;1;200000;0.32;62.36;75.0;92;0.92;Ali Adnan Kadhim Al Tameemi;50.67;Al Najma;3.56;34;1.24;28.57;0.75;72.5;1.4;https://cdn5.wyscout.com/photos/team/public/g12554_120x120.png;7.57;34.0;;Division 1;92.73;0.27;0.05;['IRQ'];1.08;1;left;31;2.37;38.94;7.36;0.13;47.56;0.05;0;0.4;0.38;7.3;0;26.67;57.14;0.05;0.0;0.78;2.02;0.22;1993-12-19;0.22;0.0;84.76;IRQ;0.03;1.48;59.79;;https://cdn5.wyscout.com/photos/players/public/g229970_100x130.png;50.55;0.05;36.54;False;Al Najma;8;76;9.23;2.26;['LCB'];1.91;1.35;50.0;0;0.0;0;9.54;33.44;Ali Adnan;24.79;0;75.99;0.0;000000;94.7;7.3;0.23;0.05;0.32;0;0;0.67;0.0;0.0;5.39;2;LCB;2.941;42.4;100.0;0.0;0.03;['Iraq'];;;;40.85;23.55;1993-12-19;0.03;35.29;0.04;0.32;;;31;0;Iraq
98646;80.42;0.07;97.9;0.0;0.0;10.15;0.0;0.0;0.0;;1268;0.57;0.0;188;0;200000;0.07;0.0;50.0;100;0.0;Christopher Knett;100.0;Al Arabi;0.0;0;0.0;0.0;0.14;0.0;0.0;https://cdn5.wyscout.com/photos/team/public/g14072_120x120.png;0.5;0.0;0.85;Division 1;99.09;0.0;0.0;['AUT'];0.0;0;right;12;0.28;15.54;5.18;0.0;20.8;0.0;22;;0.0;0.99;62;;100.0;0.0;0.0;;0.14;0.0;1990-08-01;0.0;0.0;89.08;AUT;0.0;0.0;71.43;1.56;https://cdn5.wyscout.com/photos/players/public/g98646_100x130.png;60.27;0.0;0.0;False;Al Arabi;0;79;1.63;0.07;['GK'];0.14;0.0;0.0;0;0.0;0;3.83;12.14;C. Knett;31.5;0;66.67;1.6;000000;0.0;1.14;0.0;0.0;0.0;0;0;0.0;0.0;22.57;0.99;0;GK;0.0;51.93;0.0;64.52;0.0;['Austria'];0.14;0.04;2025-06-30;0.0;10.15;1990-08-01;0.0;0.0;0.0;0.0;;4.4;34;0;Austria
453654;80.34;0.66;95.27;0.29;1.5;14.02;0.03;0.29;0.03;CB;3427;;0.26;176;1;200000;0.81;63.7;61.21;42;0.53;Ibrahim Al Nakhli;50.0;Al Ta'ee;2.15;20;0.37;50.0;0.34;45.45;0.13;https://cdn5.wyscout.com/photos/team/public/g3517_120x120.png;8.67;0.0;;Division 1;93.83;0.05;0.03;['KSA'];2.32;1;right;32;3.05;30.65;4.52;0.26;35.3;0.08;0;0.0;0.26;3.83;0;0.0;49.09;0.03;0.0;0.0;2.89;0.03;1997-03-09;0.13;0.0;88.76;KSA;0.06;0.2;54.55;;https://cdn5.wyscout.com/reports-img/photo-not-found.png;56.4;0.0;20.0;False;Al Ta'ee;5;73;6.48;1.44;['LCB', 'RCB', 'CB'];0.53;0.03;0.0;0;0.03;0;5.04;22.11;Ibrahim Al Nakhli;20.79;41;73.96;0.0;000000;93.9;6.15;0.42;0.0;0.11;0;1;0.45;0.0;0.0;4.02;0;LCB;5.0;38.84;33.33;0.0;0.03;['Saudi Arabia'];;;2025-06-30;40.0;15.55;1997-03-09;0.03;25.0;0.01;0.76;RCB;;28;15;Saudi Arabia
-247723;22.22;1.51;70.0;1.51;0.38;3.4;0.0;1.13;0.0;;238;;0.0;0;0;175000;0.76;25.0;44.44;73;1.13;Rakan Al-Harbi;58.33;Al Bukayriyah;6.43;3;0.0;0.0;3.03;75.0;0.38;https://cdn5.wyscout.com/photos/team/public/g-9478_120x120.png;15.88;0.0;;Division 1;75.76;0.0;0.0;['KSA'];0.23;0;;3;3.4;12.48;1.89;0.0;14.37;0.0;0;0.0;0.0;1.51;0;0.0;38.89;0.0;0.0;0.0;4.54;0.0;2001-01-10;0.38;0.0;68.42;KSA;0.09;0.0;47.62;;https://cdn5.wyscout.com/reports-img/photo-not-found.png;20.0;0.0;0.0;True;Al Bukayriyah;1;0;0.0;6.81;['CF', 'RB'];1.51;0.38;0.0;0;0.0;0;1.13;11.34;R. Al-Harbi;19.97;26;0.0;0.0;000000;94.12;1.51;0.0;0.0;0.0;0;0;0.0;0.0;0.0;0.0;0;CF;0.0;34.17;0.0;0.0;0.0;['Saudi Arabia'];;;2025-06-30;0.0;3.78;2001-01-10;0.0;0.0;0.0;1.51;RB;;24;0;Saudi Arabia
414899;;;;;;;;;;;38;;;176;0;175000;;;;100;;Osama Yousef Al Khalaf;; NEOM;;0;;;;;;https://cdn5.wyscout.com/photos/team/public/4522_120x120.png;;;;Pro League;;;;['KSA'];0.0;0;right;2;;;;;;;0;;;;0;;;;0.0;;;;1996-12-26;;;;KSA;;0.0;;;https://cdn5.wyscout.com/photos/players/public/g414899_100x130.png;;;;True;Al Orubah;0;74;15.0;;['RB'];;;;0;;0;;;Osama Al Khalaf;22.21;0;;;000000;;;0.0;;;0;0;;;0.0;;0;RB;0.0;32.47;;0.0;;['Saudi Arabia'];;;;;;1996-12-26;;;;;;;28;0;Saudi Arabia
495442;73.59;0.73;91.17;0.49;0.6;12.04;0.14;0.6;0.0;RCB;3311;;0.41;176;3;175000;0.84;63.69;66.88;31;0.65;Mohammed Naji;61.22;Abha;1.58;24;0.33;20.0;0.38;50.0;0.38;https://cdn5.wyscout.com/photos/team/public/3377_120x120.png;10.0;20.0;;Division 1;89.14;0.11;0.0;['KSA'];2.03;3;right;32;4.27;19.52;5.44;0.33;25.31;0.24;0;0.08;0.27;4.57;0;66.67;39.66;0.03;0.0;0.11;2.66;0.03;1993-10-30;0.08;0.0;81.42;KSA;0.06;0.51;58.7;;https://cdn5.wyscout.com/reports-img/photo-not-found.png;57.0;0.05;35.71;False;Abha;3;75;5.27;1.58;['LCB', 'LB', 'RCB'];1.03;0.14;100.0;0;0.0;1;5.79;15.36;Mohammed Naji;22.87;27;70.89;0.0;000000;89.66;6.96;0.45;0.0;0.24;0;0;0.38;0.03;0.0;3.78;2;LCB;12.5;38.96;44.44;0.0;0.08;['Saudi Arabia'];;;2025-06-30;44.74;9.54;1993-10-30;0.08;29.17;0.01;0.65;LB;;31;27;Saudi Arabia
147346;76.57;0.0;96.46;0.0;0.0;9.48;0.0;0.0;0.0;;3486;3.49;0.26;191;0;175000;0.03;34.38;0.0;100;0.0;Dziugas Bartkus;100.0;Al Bukayriyah;0.03;0;0.0;0.0;0.18;0.0;0.0;https://cdn5.wyscout.com/photos/team/public/g-9478_120x120.png;0.34;0.0;1.39;Division 1;97.1;0.0;0.03;['LTU'];0.0;0;right;33;0.0;10.69;5.73;0.0;16.47;0.0;24;;0.05;1.65;96;;0.0;0.0;0.0;;0.23;0.0;1989-11-07;0.08;0.0;84.48;LTU;0.0;0.0;92.31;0.62;https://cdn5.wyscout.com/reports-img/photo-not-found.png;61.71;0.0;0.0;False;Al Bukayriyah;3;88;2.03;0.0;['GK'];0.28;0.0;0.0;0;0.0;0;4.23;9.68;D. Bartkus;34.29;0;73.78;0.71;000000;100.0;1.32;0.0;0.0;0.0;16;0;0.0;0.0;27.49;1.32;0;GK;0.0;50.19;0.0;75.0;0.0;['Lithuania'];0.23;0.09;2025-06-30;9.09;6.56;1989-11-07;0.0;0.0;0.0;0.0;;2.48;35;0;Lithuania
436614;75.17;1.79;89.56;1.12;0.12;13.09;0.36;1.46;0.09;CF;2963;;1.06;163;4;175000;2.04;75.0;59.72;28;0.85;Abdulaziz Al-Shereid;45.16;Al Bukayriyah;7.11;28;1.06;31.43;0.64;64.86;0.64;https://cdn5.wyscout.com/photos/team/public/g-9478_120x120.png;13.09;44.44;;Division 1;87.31;0.3;0.06;['KSA'];2.96;4;right;30;6.56;34.72;3.86;0.64;39.21;0.33;0;0.03;0.64;7.53;0;100.0;57.78;0.36;0.0;0.06;0.94;0.12;1994-05-01;0.12;0.0;84.35;KSA;0.09;2.18;56.84;;https://cdn5.wyscout.com/reports-img/photo-not-found.png;62.2;0.0;57.14;False;Al Bukayriyah;4;63;2.86;4.1;['RCMF', 'RCMF3', 'CF'];1.85;0.27;25.0;0;0.03;0;6.59;31.01;Abdulaziz Al-Shereid;18.0;20;82.49;0.0;000000;92.74;6.38;1.0;0.94;0.73;0;1;0.06;0.0;0.0;1.82;0;RCMF;14.286;36.91;63.64;0.0;0.12;['Saudi Arabia'];;;;52.46;12.51;1994-05-01;0.12;32.14;0.07;0.97;RCMF3;;31;12;Saudi Arabia
228967;79.17;1.19;56.52;2.18;0.2;4.76;0.0;2.38;0.2;LAMF;454;;0.2;176;3;175000;0.99;69.23;26.67;23;1.78;Ali Al Zaqan;33.33;Al Arabi;7.53;9;2.18;0.0;2.78;54.55;1.98;https://cdn5.wyscout.com/photos/team/public/g14072_120x120.png;12.69;0.0;;Division 1;90.1;0.2;0.2;['KSA'];0.4;3;right;14;2.97;20.02;1.39;0.0;23.19;1.19;0;0.4;0.99;2.58;0;50.0;46.88;0.0;0.0;0.59;2.38;0.2;1991-11-01;0.2;0.0;78.63;KSA;0.08;0.1;42.19;;https://cdn5.wyscout.com/photos/players/public/g228967_100x130.png;14.29;0.0;0.0;False;Al Arabi;1;75;2.79;6.34;['LW', 'RWF', 'LAMF'];2.18;0.79;0.0;0;0.0;0;2.38;16.85;Ali Al Zaqan;15.63;23;66.67;0.0;000000;86.84;2.38;0.0;2.38;0.2;0;0;0.0;0.0;0.0;1.59;0;LW;33.333;11.94;0.0;0.0;0.59;['Saudi Arabia'];;;;27.27;4.56;1991-11-01;0.59;66.67;0.02;2.38;RWF;;33;16;Saudi Arabia
358691;79.74;0.05;97.22;0.0;0.0;7.16;0.0;0.0;0.0;;1922;-4.01;0.0;178;0;175000;0.23;46.15;33.33;100;0.0;Ali Mohammed Al Amri;100.0;Al Adalah;0.0;0;0.0;0.0;0.14;0.0;0.0;https://cdn5.wyscout.com/photos/team/public/g12557_120x120.png;0.98;0.0;1.45;Division 1;97.13;0.0;0.05;['KSA'];0.0;0;right;18;0.14;9.79;3.37;0.0;13.16;0.0;23;;0.05;0.61;66;;100.0;0.0;0.0;;0.61;0.0;1994-08-21;0.0;0.0;87.54;KSA;0.0;0.0;85.71;1.08;https://cdn5.wyscout.com/photos/players/public/g358691_100x130.png;59.72;0.0;0.0;False;Al Adalah;0;76;2.62;0.14;['GK'];0.05;0.0;0.0;0;0.0;0;2.76;7.82;Ali Al Amri;28.14;0;66.1;0.89;000000;0.0;1.55;0.0;0.0;0.0;5;0;0.0;0.0;18.99;1.5;0;GK;0.0;46.57;0.0;65.15;0.0;['Saudi Arabia'];0.61;-0.188;;0.0;5.06;1994-08-21;0.0;0.0;0.0;0.0;;3.09;30;0;Saudi Arabia
-278615;85.0;0.44;93.55;0.0;2.62;17.48;0.0;0.0;0.0;;206;;0.0;180;0;150000;0.87;50.0;44.44;50;0.0;Abdulkarim bin Saud bin Sultan Al Sulaiman;20.0;Al Ta'ee;3.93;0;0.0;0.0;0.0;0.0;0.0;https://cdn5.wyscout.com/photos/team/public/g3517_120x120.png;10.49;0.0;;Division 1;95.12;0.0;0.0;['KSA'];0.0;0;right;2;3.93;35.83;3.06;0.0;38.88;0.0;0;0.0;0.0;4.37;0;0.0;33.33;0.0;0.0;0.0;4.37;0.0;2000-06-24;0.0;0.0;89.89;KSA;0.0;0.0;33.33;;https://cdn5.wyscout.com/reports-img/photo-not-found.png;28.57;0.0;0.0;False;Al Ta'ee;0;72;2.79;1.31;['LCB', 'RCB'];0.0;0.0;0.0;0;0.0;0;7.86;24.47;Abdulkarim Sultan;21.46;49;83.33;0.0;000000;88.89;3.5;0.0;0.0;0.0;0;0;0.0;0.0;0.0;1.75;0;LCB;0.0;52.28;0.0;0.0;0.0;['Saudi Arabia'];;;2028-06-30;0.0;13.54;2000-06-24;0.0;0.0;0.0;0.0;RCB;;24;0;Saudi Arabia
-277821;71.43;1.3;64.18;3.1;0.0;18.26;0.49;4.08;0.33;;552;;0.82;175;0;150000;2.12;63.64;69.49;85;0.82;Farhan Freih Farhan Al Darwish Al Aazmi;43.75;Al Hazem;3.26;5;2.93;80.0;1.63;73.68;4.89;https://cdn5.wyscout.com/photos/team/public/2801_120x120.png;22.34;23.33;;Division 1;82.55;0.16;0.33;['KSA'];0.11;0;left;7;9.62;24.29;7.17;0.33;36.03;0.0;0;0.0;1.14;7.17;0;0.0;62.79;0.33;0.0;0.16;2.61;0.49;1994-12-31;0.33;0.0;70.14;KSA;0.02;0.77;59.85;;https://cdn5.wyscout.com/photos/players/public/g-277821_100x130.png;59.09;0.16;23.33;False;Al Hazem;2;65;8.68;7.01;['LB', 'LWB'];4.89;4.89;100.0;0;0.0;0;10.27;26.41;Farhan Al Aazmi;21.91;14;77.78;0.0;000000;95.0;12.72;0.5;0.16;0.98;0;0;0.33;0.0;0.0;5.71;1;LB;0.0;36.95;0.0;0.0;0.0;['Saudi Arabia'];;;;33.33;10.92;1994-12-31;0.0;40.0;0.13;0.98;LWB;;30;0;Saudi Arabia
228301;74.38;0.91;90.83;0.67;0.73;14.71;0.3;1.09;0.0;;1481;;0.18;186;1;150000;0.67;64.52;59.49;60;0.67;Maicon Douglas  Teixeira Goulart Alves;59.32;Al Safa;4.25;11;0.67;33.33;0.49;72.73;1.09;https://cdn5.wyscout.com/photos/team/public/g5645_120x120.png;12.34;38.89;;Premier League;89.78;0.06;0.06;['BRA'];1.17;1;left;14;4.8;33.3;3.77;0.06;38.1;0.0;0;0.12;0.12;3.77;0;50.0;48.0;0.06;0.0;0.3;3.59;0.24;1992-12-05;0.0;0.0;84.85;BRA;0.07;0.9;57.14;;https://cdn5.wyscout.com/photos/players/public/g228301_100x130.png;54.84;0.0;38.89;False;Sitra;0;80;6.02;3.04;['LB', 'LCB'];1.22;1.09;0.0;0;0.0;0;6.5;26.8;Maicon Douglas;19.58;38;59.81;0.0;000000;94.29;6.87;0.09;0.24;0.24;0;0;0.36;0.0;0.0;3.95;0;LB;9.091;38.68;0.0;0.0;0.06;['Brazil'];;;;30.0;14.58;1992-12-05;0.06;27.27;0.05;0.79;LCB;;32;0;Brazil
-99818;66.67;0.92;62.03;9.91;0.05;5.39;1.34;7.45;0.77;LWF;1752;;0.31;183;6;150000;1.34;67.5;58.54;41;2.21;Nawaf Al Habashi;60.0;Al Hazem;4.88;43;4.88;33.33;1.75;53.37;4.32;https://cdn5.wyscout.com/photos/team/public/2801_120x120.png;24.76;28.95;;Division 1;81.67;0.57;0.05;['KSA'];4.59;6;right;31;4.21;19.06;1.08;0.26;24.35;0.36;0;0.0;0.82;2.05;0;0.0;42.77;0.21;0.0;0.0;1.54;0.67;1998-06-23;0.05;0.05;70.46;KSA;0.24;2.34;45.85;;https://cdn5.wyscout.com/reports-img/photo-not-found.png;38.1;0.1;27.38;False;Al Hazem;1;71;2.7;16.7;['LW', 'LAMF', 'LWF'];3.18;3.9;50.0;0;0.0;1;4.01;17.62;Nawaf Al Habashi;17.89;25;71.79;0.0;000000;93.68;4.37;0.42;0.0;0.72;0;0;0.05;0.05;0.0;1.64;2;LW;13.953;16.51;14.29;0.0;0.31;['Saudi Arabia'];;;2025-06-30;43.55;8.12;1998-06-23;0.31;39.53;0.12;4.42;LAMF;;26;16;Saudi Arabia
